UBIGEO,DEPARTAMENTO,PROVINCIA,DISTRITO,SEXO,EDAD,FACULTAD,ESCUELA_ACADEMICA,NIVEL_ACAD,ANIO_MAT1,SEM_MATRICULA1,N_RAC_DESAYUNO,N_RAC_ALMUERZO,N_RAC_CENA
100101,HUANUCO,HUANUCO,HUANUCO,FEMENINO,20,DERECHO Y CIENCIAS POLÍTICAS,DERECHO Y CIENCIAS POLÍTICAS,PREGRADO,2023,1,34,36,28
100101,HUANUCO,HUANUCO,HUANUCO,FEMENINO,20,MEDICINA VETERINARIA Y ZOOTECNIA,MEDICINA VETERINARIA,PREGRADO,2022,1,33,36,30
20508,ANCASH,BOLOGNESI,HUALLANCA,MASCULINO,21,DERECHO Y CIENCIAS POLÍTICAS,DERECHO Y CIENCIAS POLÍTICAS,PREGRADO,2021,1,32,37,31
20508,ANCASH,BOLOGNESI,HUALLANCA,MASCULINO,23,CIENCIAS CONTABLES Y FINANCIERAS,CIENCIAS CONTABLES Y FINANCIERAS,PREGRADO,2021,1,31,35,28
40101,AREQUIPA,AREQUIPA,AREQUIPA,MASCULINO,23,CIENCIAS DE LA EDUCACIÓN,"FILOSOFÍA, PSICOLOGÍA Y CIENCIAS SOCIALES",PREGRADO,2021,1,14,32,29
50501,AYACUCHO,LA MAR,SAN MIGUEL,MASCULINO,19,ENFERMERÍA,ENFERMERÍA,PREGRADO,2021,1,13,30,26
100101,HUANUCO,HUANUCO,HUANUCO,MASCULINO,30,CIENCIAS AGRARIAS,INGENIERÍA AGRONÓMICA,PREGRADO,2022,1,35,37,31
100101,HUANUCO,HUANUCO,HUANUCO,FEMENINO,18,CIENCIAS AGRARIAS,INGENIERÍA AGRONÓMICA,PREGRADO,2023,1,35,36,30
100101,HUANUCO,HUANUCO,HUANUCO,MASCULINO,21,CIENCIAS AGRARIAS,INGENIERÍA AGRONÓMICA,PREGRADO,2021,1,33,37,28
100101,HUANUCO,HUANUCO,HUANUCO,MASCULINO,20,PSICOLOGÍA,PSICOLOGÍA,PREGRADO,2019,1,38,37,31
100101,HUANUCO,HUANUCO,HUANUCO,FEMENINO,23,PSICOLOGÍA,PSICOLOGÍA,PREGRADO,2021,1,17,19,11
100101,HUANUCO,HUANUCO,HUANUCO,MASCULINO,23,PSICOLOGÍA,PSICOLOGÍA,PREGRADO,2017,1,9,18,12
100101,HUANUCO,HUANUCO,HUANUCO,FEMENINO,22,PSICOLOGÍA,PSICOLOGÍA,PREGRADO,2019,1,36,37,31
100101,HUANUCO,HUANUCO,HUANUCO,MASCULINO,22,PSICOLOGÍA,PSICOLOGÍA,PREGRADO,2020,1,33,33,27
100101,HUANUCO,HUANUCO,HUANUCO,MASCULINO,23,INGENIERÍA INDUSTRIAL Y DE SISTEMAS,INGENIERÍA DE SISTEMAS,PREGRADO,2018,1,24,37,24
100101,HUANUCO,HUANUCO,HUANUCO,MASCULINO,24,INGENIERÍA INDUSTRIAL Y DE SISTEMAS,INGENIERÍA DE SISTEMAS,PREGRADO,2018,1,27,36,30
100101,HUANUCO,HUANUCO,HUANUCO,MASCULINO,23,INGENIERÍA INDUSTRIAL Y DE SISTEMAS,INGENIERÍA DE SISTEMAS,PREGRADO,2018,1,31,35,31
100101,HUANUCO,HUANUCO,HUANUCO,MASCULINO,18,MEDICINA VETERINARIA Y ZOOTECNIA,MEDICINA VETERINARIA,PREGRADO,2023,1,24,35,28
100101,HUANUCO,HUANUCO,HUANUCO,MASCULINO,23,INGENIERÍA INDUSTRIAL Y DE SISTEMAS,INGENIERÍA DE SISTEMAS,PREGRADO,2018,1,14,29,21
100101,HUANUCO,HUANUCO,HUANUCO,FEMENINO,19,INGENIERÍA INDUSTRIAL Y DE SISTEMAS,INGENIERÍA DE SISTEMAS,PREGRADO,2021,1,33,34,29
100101,HUANUCO,HUANUCO,HUANUCO,FEMENINO,19,INGENIERÍA INDUSTRIAL Y DE SISTEMAS,INGENIERÍA DE SISTEMAS,PREGRADO,2021,1,34,34,28
100101,HUANUCO,HUANUCO,HUANUCO,MASCULINO,24,INGENIERÍA INDUSTRIAL Y DE SISTEMAS,INGENIERÍA DE SISTEMAS,PREGRADO,2017,1,29,36,31
100101,HUANUCO,HUANUCO,HUANUCO,MASCULINO,23,INGENIERÍA INDUSTRIAL Y DE SISTEMAS,INGENIERÍA DE SISTEMAS,PREGRADO,2020,1,36,37,30
100101,HUANUCO,HUANUCO,HUANUCO,FEMENINO,21,INGENIERÍA INDUSTRIAL Y DE SISTEMAS,INGENIERÍA DE SISTEMAS,PREGRADO,2019,1,13,32,25
100101,HUANUCO,HUANUCO,HUANUCO,MASCULINO,24,INGENIERÍA INDUSTRIAL Y DE SISTEMAS,INGENIERÍA DE SISTEMAS,PREGRADO,2019,1,36,37,31
100101,HUANUCO,HUANUCO,HUANUCO,MASCULINO,23,INGENIERÍA INDUSTRIAL Y DE SISTEMAS,INGENIERÍA DE SISTEMAS,PREGRADO,2022,1,34,36,28
100101,HUANUCO,HUANUCO,HUANUCO,MASCULINO,24,INGENIERÍA INDUSTRIAL Y DE SISTEMAS,INGENIERÍA INDUSTRIAL,PREGRADO,2022,1,36,37,31
100101,HUANUCO,HUANUCO,HUANUCO,MASCULINO,25,INGENIERÍA INDUSTRIAL Y DE SISTEMAS,INGENIERÍA INDUSTRIAL,PREGRADO,2018,1,32,37,31
100101,HUANUCO,HUANUCO,HUANUCO,MASCULINO,24,INGENIERÍA INDUSTRIAL Y DE SISTEMAS,INGENIERÍA INDUSTRIAL,PREGRADO,2018,1,31,37,24
100101,HUANUCO,HUANUCO,HUANUCO,MASCULINO,20,INGENIERÍA INDUSTRIAL Y DE SISTEMAS,INGENIERÍA INDUSTRIAL,PREGRADO,2021,1,12,34,23
100101,HUANUCO,HUANUCO,HUANUCO,MASCULINO,21,INGENIERÍA INDUSTRIAL Y DE SISTEMAS,INGENIERÍA INDUSTRIAL,PREGRADO,2021,1,29,37,30
100101,HUANUCO,HUANUCO,HUANUCO,MASCULINO,19,INGENIERÍA INDUSTRIAL Y DE SISTEMAS,INGENIERÍA INDUSTRIAL,PREGRADO,2021,1,37,36,30
100101,HUANUCO,HUANUCO,HUANUCO,MASCULINO,18,INGENIERÍA INDUSTRIAL Y DE SISTEMAS,INGENIERÍA INDUSTRIAL,PREGRADO,2023,1,33,37,30
100101,HUANUCO,HUANUCO,HUANUCO,MASCULINO,22,INGENIERÍA INDUSTRIAL Y DE SISTEMAS,INGENIERÍA INDUSTRIAL,PREGRADO,2018,1,34,36,31
100101,HUANUCO,HUANUCO,HUANUCO,MASCULINO,23,INGENIERÍA INDUSTRIAL Y DE SISTEMAS,INGENIERÍA INDUSTRIAL,PREGRADO,2019,1,29,37,27
100101,HUANUCO,HUANUCO,HUANUCO,MASCULINO,22,INGENIERÍA INDUSTRIAL Y DE SISTEMAS,INGENIERÍA INDUSTRIAL,PREGRADO,2020,1,26,35,28
100101,HUANUCO,HUANUCO,HUANUCO,MASCULINO,28,INGENIERÍA CIVIL Y ARQUITECTURA,ARQUITECTURA,PREGRADO,2014,1,10,32,15
100101,HUANUCO,HUANUCO,HUANUCO,MASCULINO,24,INGENIERÍA CIVIL Y ARQUITECTURA,ARQUITECTURA,PREGRADO,2018,1,31,36,31
100101,HUANUCO,HUANUCO,HUANUCO,FEMENINO,18,INGENIERÍA CIVIL Y ARQUITECTURA,ARQUITECTURA,PREGRADO,2022,1,31,37,29
100101,HUANUCO,HUANUCO,HUANUCO,MASCULINO,17,INGENIERÍA CIVIL Y ARQUITECTURA,ARQUITECTURA,PREGRADO,2023,1,36,37,31
100101,HUANUCO,HUANUCO,HUANUCO,MASCULINO,24,INGENIERÍA CIVIL Y ARQUITECTURA,ARQUITECTURA,PREGRADO,2019,1,27,36,30
100101,HUANUCO,HUANUCO,HUANUCO,MASCULINO,22,INGENIERÍA CIVIL Y ARQUITECTURA,ARQUITECTURA,PREGRADO,2019,1,33,37,31
100101,HUANUCO,HUANUCO,HUANUCO,MASCULINO,23,INGENIERÍA CIVIL Y ARQUITECTURA,INGENIERÍA CIVIL,PREGRADO,2020,1,25,37,29
100101,HUANUCO,HUANUCO,HUANUCO,MASCULINO,22,INGENIERÍA CIVIL Y ARQUITECTURA,INGENIERÍA CIVIL,PREGRADO,2022,1,7,29,17
100101,HUANUCO,HUANUCO,HUANUCO,FEMENINO,20,DERECHO Y CIENCIAS POLÍTICAS,DERECHO Y CIENCIAS POLÍTICAS,PREGRADO,2021,1,31,37,31
100101,HUANUCO,HUANUCO,HUANUCO,FEMENINO,22,DERECHO Y CIENCIAS POLÍTICAS,DERECHO Y CIENCIAS POLÍTICAS,PREGRADO,2019,1,27,37,30
100101,HUANUCO,HUANUCO,HUANUCO,FEMENINO,27,DERECHO Y CIENCIAS POLÍTICAS,DERECHO Y CIENCIAS POLÍTICAS,PREGRADO,2018,1,34,37,29
100101,HUANUCO,HUANUCO,HUANUCO,FEMENINO,18,DERECHO Y CIENCIAS POLÍTICAS,DERECHO Y CIENCIAS POLÍTICAS,PREGRADO,2023,1,29,37,30
100101,HUANUCO,HUANUCO,HUANUCO,FEMENINO,20,DERECHO Y CIENCIAS POLÍTICAS,DERECHO Y CIENCIAS POLÍTICAS,PREGRADO,2022,1,26,37,27
100101,HUANUCO,HUANUCO,HUANUCO,MASCULINO,39,DERECHO Y CIENCIAS POLÍTICAS,DERECHO Y CIENCIAS POLÍTICAS,PREGRADO,2022,1,31,37,29
100101,HUANUCO,HUANUCO,HUANUCO,MASCULINO,19,DERECHO Y CIENCIAS POLÍTICAS,DERECHO Y CIENCIAS POLÍTICAS,PREGRADO,2023,1,0,3,0
100101,HUANUCO,HUANUCO,HUANUCO,MASCULINO,20,DERECHO Y CIENCIAS POLÍTICAS,DERECHO Y CIENCIAS POLÍTICAS,PREGRADO,2023,1,15,32,26
100101,HUANUCO,HUANUCO,HUANUCO,MASCULINO,21,CIENCIAS DE LA EDUCACIÓN,MATEMÁTICA Y FÍSICA,PREGRADO,2021,1,26,34,28
100101,HUANUCO,HUANUCO,HUANUCO,MASCULINO,27,CIENCIAS DE LA EDUCACIÓN,MATEMÁTICA Y FÍSICA,PREGRADO,2022,1,38,37,30
100101,HUANUCO,HUANUCO,HUANUCO,MASCULINO,23,DERECHO Y CIENCIAS POLÍTICAS,DERECHO Y CIENCIAS POLÍTICAS,PREGRADO,2021,1,29,37,29
100101,HUANUCO,HUANUCO,HUANUCO,FEMENINO,22,CIENCIAS DE LA EDUCACIÓN,LENGUA Y LITERATURA,PREGRADO,2019,1,25,37,26
100101,HUANUCO,HUANUCO,HUANUCO,FEMENINO,23,CIENCIAS DE LA EDUCACIÓN,LENGUA Y LITERATURA,PREGRADO,2019,1,36,36,31
100101,HUANUCO,HUANUCO,HUANUCO,MASCULINO,19,CIENCIAS DE LA EDUCACIÓN,LENGUA Y LITERATURA,PREGRADO,2022,1,27,35,25
100101,HUANUCO,HUANUCO,HUANUCO,FEMENINO,22,CIENCIAS DE LA EDUCACIÓN,LENGUA Y LITERATURA,PREGRADO,2021,1,1,36,28
100101,HUANUCO,HUANUCO,HUANUCO,MASCULINO,24,CIENCIAS DE LA EDUCACIÓN,"FILOSOFÍA, PSICOLOGÍA Y CIENCIAS SOCIALES",PREGRADO,2018,1,4,15,8
100101,HUANUCO,HUANUCO,HUANUCO,MASCULINO,18,CIENCIAS DE LA EDUCACIÓN,CIENCIAS HISTÓRICO SOCIALES Y GEOGRÁFICAS,PREGRADO,2023,1,38,36,29
100101,HUANUCO,HUANUCO,HUANUCO,MASCULINO,18,CIENCIAS DE LA EDUCACIÓN,CIENCIAS HISTÓRICO SOCIALES Y GEOGRÁFICAS,PREGRADO,2023,1,3,7,2
100101,HUANUCO,HUANUCO,HUANUCO,MASCULINO,18,CIENCIAS DE LA EDUCACIÓN,LENGUA Y LITERATURA,PREGRADO,2023,1,4,5,4
100101,HUANUCO,HUANUCO,HUANUCO,MASCULINO,22,CIENCIAS DE LA EDUCACIÓN,EDUCACIÓN FÍSICA,PREGRADO,2023,1,0,0,1
100101,HUANUCO,HUANUCO,HUANUCO,FEMENINO,21,CIENCIAS DE LA EDUCACIÓN,EDUCACIÓN FÍSICA,PREGRADO,2020,1,37,37,31
100101,HUANUCO,HUANUCO,HUANUCO,FEMENINO,19,CIENCIAS DE LA EDUCACIÓN,EDUCACIÓN INICIAL,PREGRADO,2022,1,30,36,28
100101,HUANUCO,HUANUCO,HUANUCO,FEMENINO,19,CIENCIAS DE LA EDUCACIÓN,EDUCACIÓN PRIMARIA,PREGRADO,2022,1,31,37,27
100101,HUANUCO,HUANUCO,HUANUCO,FEMENINO,22,CIENCIAS DE LA EDUCACIÓN,EDUCACIÓN INICIAL,PREGRADO,2022,1,23,37,28
100101,HUANUCO,HUANUCO,HUANUCO,FEMENINO,18,CIENCIAS DE LA EDUCACIÓN,EDUCACIÓN INICIAL,PREGRADO,2023,1,32,37,28
100101,HUANUCO,HUANUCO,HUANUCO,FEMENINO,18,CIENCIAS DE LA EDUCACIÓN,EDUCACIÓN INICIAL,PREGRADO,2023,1,34,37,31
100101,HUANUCO,HUANUCO,HUANUCO,FEMENINO,17,CIENCIAS DE LA EDUCACIÓN,EDUCACIÓN INICIAL,PREGRADO,2023,1,33,36,28
100101,HUANUCO,HUANUCO,HUANUCO,MASCULINO,18,CIENCIAS SOCIALES,CIENCIAS DE LA COMUNICACIÓN SOCIAL,PREGRADO,2023,1,37,37,31
100101,HUANUCO,HUANUCO,HUANUCO,MASCULINO,22,CIENCIAS SOCIALES,CIENCIAS DE LA COMUNICACIÓN SOCIAL,PREGRADO,2019,2,30,37,30
100101,HUANUCO,HUANUCO,HUANUCO,MASCULINO,25,CIENCIAS SOCIALES,CIENCIAS DE LA COMUNICACIÓN SOCIAL,PREGRADO,2016,0,31,37,31
100101,HUANUCO,HUANUCO,HUANUCO,FEMENINO,21,CIENCIAS DE LA EDUCACIÓN,EDUCACIÓN INICIAL,PREGRADO,2021,1,0,0,2
100101,HUANUCO,HUANUCO,HUANUCO,MASCULINO,28,CIENCIAS SOCIALES,SOCIOLOGÍA,PREGRADO,2016,1,7,24,15
100101,HUANUCO,HUANUCO,HUANUCO,MASCULINO,28,CIENCIAS SOCIALES,SOCIOLOGÍA,PREGRADO,2018,1,31,37,29
100101,HUANUCO,HUANUCO,HUANUCO,MASCULINO,19,CIENCIAS SOCIALES,SOCIOLOGÍA,PREGRADO,2023,1,21,31,25
100101,HUANUCO,HUANUCO,HUANUCO,FEMENINO,20,ECONOMÍA,ECONOMÍA,PREGRADO,2020,1,30,36,27
100101,HUANUCO,HUANUCO,HUANUCO,FEMENINO,21,ECONOMÍA,ECONOMÍA,PREGRADO,2020,1,11,36,20
100101,HUANUCO,HUANUCO,HUANUCO,FEMENINO,19,ECONOMÍA,ECONOMÍA,PREGRADO,2021,1,18,33,23
100101,HUANUCO,HUANUCO,HUANUCO,MASCULINO,25,ECONOMÍA,ECONOMÍA,PREGRADO,2020,1,38,37,31
100101,HUANUCO,HUANUCO,HUANUCO,FEMENINO,20,ECONOMÍA,ECONOMÍA,PREGRADO,2021,1,1,32,14
100101,HUANUCO,HUANUCO,HUANUCO,FEMENINO,20,ECONOMÍA,ECONOMÍA,PREGRADO,2021,1,24,37,29
100101,HUANUCO,HUANUCO,HUANUCO,MASCULINO,22,ECONOMÍA,ECONOMÍA,PREGRADO,2019,1,17,35,29
100101,HUANUCO,HUANUCO,HUANUCO,MASCULINO,22,ECONOMÍA,ECONOMÍA,PREGRADO,2019,1,11,13,11
100101,HUANUCO,HUANUCO,HUANUCO,MASCULINO,20,CIENCIAS CONTABLES Y FINANCIERAS,CIENCIAS CONTABLES Y FINANCIERAS,PREGRADO,2019,1,33,37,31
100101,HUANUCO,HUANUCO,HUANUCO,FEMENINO,26,CIENCIAS CONTABLES Y FINANCIERAS,CIENCIAS CONTABLES Y FINANCIERAS,PREGRADO,2019,1,31,37,29
100101,HUANUCO,HUANUCO,HUANUCO,FEMENINO,24,CIENCIAS CONTABLES Y FINANCIERAS,CIENCIAS CONTABLES Y FINANCIERAS,PREGRADO,2019,1,28,37,30
100101,HUANUCO,HUANUCO,HUANUCO,MASCULINO,18,CIENCIAS CONTABLES Y FINANCIERAS,CIENCIAS CONTABLES Y FINANCIERAS,PREGRADO,2023,1,37,37,30
100101,HUANUCO,HUANUCO,HUANUCO,FEMENINO,23,CIENCIAS CONTABLES Y FINANCIERAS,CIENCIAS CONTABLES Y FINANCIERAS,PREGRADO,2019,1,34,37,30
100101,HUANUCO,HUANUCO,HUANUCO,MASCULINO,23,CIENCIAS CONTABLES Y FINANCIERAS,CIENCIAS CONTABLES Y FINANCIERAS,PREGRADO,2019,1,31,37,29
100101,HUANUCO,HUANUCO,HUANUCO,FEMENINO,20,CIENCIAS CONTABLES Y FINANCIERAS,CIENCIAS CONTABLES Y FINANCIERAS,PREGRADO,2020,1,33,36,30
100101,HUANUCO,HUANUCO,HUANUCO,FEMENINO,21,CIENCIAS CONTABLES Y FINANCIERAS,CIENCIAS CONTABLES Y FINANCIERAS,PREGRADO,2020,1,29,37,31
100101,HUANUCO,HUANUCO,HUANUCO,MASCULINO,24,CIENCIAS ADMINISTRATIVAS Y TURISMO,TURISMO Y HOTELERÍA,PREGRADO,2018,1,33,36,31
100101,HUANUCO,HUANUCO,HUANUCO,FEMENINO,20,CIENCIAS CONTABLES Y FINANCIERAS,CIENCIAS CONTABLES Y FINANCIERAS,PREGRADO,2021,1,31,35,31
100101,HUANUCO,HUANUCO,HUANUCO,FEMENINO,22,CIENCIAS CONTABLES Y FINANCIERAS,CIENCIAS CONTABLES Y FINANCIERAS,PREGRADO,2020,2,31,37,31
100101,HUANUCO,HUANUCO,HUANUCO,MASCULINO,27,CIENCIAS CONTABLES Y FINANCIERAS,CIENCIAS CONTABLES Y FINANCIERAS,PREGRADO,2020,2,34,36,30
100101,HUANUCO,HUANUCO,HUANUCO,MASCULINO,24,CIENCIAS ADMINISTRATIVAS Y TURISMO,CIENCIAS ADMINISTRATIVAS,PREGRADO,2019,1,32,37,31
100101,HUANUCO,HUANUCO,HUANUCO,FEMENINO,22,CIENCIAS ADMINISTRATIVAS Y TURISMO,CIENCIAS ADMINISTRATIVAS,PREGRADO,2020,1,7,26,28
100101,HUANUCO,HUANUCO,HUANUCO,FEMENINO,39,CIENCIAS ADMINISTRATIVAS Y TURISMO,TURISMO Y HOTELERÍA,PREGRADO,2020,1,33,37,31
100101,HUANUCO,HUANUCO,HUANUCO,FEMENINO,19,CIENCIAS ADMINISTRATIVAS Y TURISMO,CIENCIAS ADMINISTRATIVAS,PREGRADO,2021,1,34,34,21
100101,HUANUCO,HUANUCO,HUANUCO,MASCULINO,19,CIENCIAS ADMINISTRATIVAS Y TURISMO,CIENCIAS ADMINISTRATIVAS,PREGRADO,2022,1,33,35,29
100101,HUANUCO,HUANUCO,HUANUCO,FEMENINO,20,OBSTETRICIA,OBSTETRICIA,PREGRADO,2022,1,27,37,29
100101,HUANUCO,HUANUCO,HUANUCO,FEMENINO,28,OBSTETRICIA,OBSTETRICIA,PREGRADO,2014,1,1,1,1
100101,HUANUCO,HUANUCO,HUANUCO,MASCULINO,20,CIENCIAS ADMINISTRATIVAS Y TURISMO,CIENCIAS ADMINISTRATIVAS,PREGRADO,2019,1,28,35,29
100101,HUANUCO,HUANUCO,HUANUCO,FEMENINO,25,CIENCIAS ADMINISTRATIVAS Y TURISMO,CIENCIAS ADMINISTRATIVAS,PREGRADO,2019,1,18,35,30
100101,HUANUCO,HUANUCO,HUANUCO,FEMENINO,22,OBSTETRICIA,OBSTETRICIA,PREGRADO,2021,1,15,37,28
100101,HUANUCO,HUANUCO,HUANUCO,FEMENINO,19,OBSTETRICIA,OBSTETRICIA,PREGRADO,2021,1,30,37,31
100101,HUANUCO,HUANUCO,HUANUCO,FEMENINO,19,OBSTETRICIA,OBSTETRICIA,PREGRADO,2022,1,28,37,31
100101,HUANUCO,HUANUCO,HUANUCO,FEMENINO,18,OBSTETRICIA,OBSTETRICIA,PREGRADO,2022,1,32,37,30
100101,HUANUCO,HUANUCO,HUANUCO,MASCULINO,21,ENFERMERÍA,ENFERMERÍA,PREGRADO,2021,1,23,35,28
100101,HUANUCO,HUANUCO,HUANUCO,FEMENINO,35,OBSTETRICIA,OBSTETRICIA,PREGRADO,2006,1,28,37,27
100101,HUANUCO,HUANUCO,HUANUCO,FEMENINO,21,OBSTETRICIA,OBSTETRICIA,PREGRADO,2020,1,26,35,31
100101,HUANUCO,HUANUCO,HUANUCO,FEMENINO,19,ENFERMERÍA,ENFERMERÍA,PREGRADO,2021,1,30,37,31
100101,HUANUCO,HUANUCO,HUANUCO,FEMENINO,18,ENFERMERÍA,ENFERMERÍA,PREGRADO,2022,1,37,37,29
100101,HUANUCO,HUANUCO,HUANUCO,FEMENINO,21,ENFERMERÍA,ENFERMERÍA,PREGRADO,2021,1,34,35,30
100101,HUANUCO,HUANUCO,HUANUCO,FEMENINO,23,ENFERMERÍA,ENFERMERÍA,PREGRADO,2018,1,34,35,29
100101,HUANUCO,HUANUCO,HUANUCO,FEMENINO,24,MEDICINA,ODONTOLOGÍA,PREGRADO,2019,1,27,37,31
100101,HUANUCO,HUANUCO,HUANUCO,MASCULINO,18,MEDICINA,ODONTOLOGÍA,PREGRADO,2023,1,38,37,31
100101,HUANUCO,HUANUCO,HUANUCO,MASCULINO,22,MEDICINA,ODONTOLOGÍA,PREGRADO,2018,1,30,35,22
100101,HUANUCO,HUANUCO,HUANUCO,MASCULINO,22,ENFERMERÍA,ENFERMERÍA,PREGRADO,2020,1,35,37,30
100101,HUANUCO,HUANUCO,HUANUCO,MASCULINO,25,MEDICINA,MEDICINA HUMANA,PREGRADO,2016,1,14,36,26
100101,HUANUCO,HUANUCO,HUANUCO,FEMENINO,17,MEDICINA,ODONTOLOGÍA,PREGRADO,2023,1,37,36,31
100101,HUANUCO,HUANUCO,HUANUCO,FEMENINO,28,MEDICINA,ODONTOLOGÍA,PREGRADO,2015,1,33,35,28
100101,HUANUCO,HUANUCO,HUANUCO,FEMENINO,32,MEDICINA,MEDICINA HUMANA,PREGRADO,2010,1,27,37,31
100101,HUANUCO,HUANUCO,HUANUCO,FEMENINO,29,MEDICINA,MEDICINA HUMANA,PREGRADO,2012,1,5,36,28
100101,HUANUCO,HUANUCO,HUANUCO,MASCULINO,27,MEDICINA,MEDICINA HUMANA,PREGRADO,2013,1,33,36,30
100101,HUANUCO,HUANUCO,HUANUCO,MASCULINO,26,MEDICINA,MEDICINA HUMANA,PREGRADO,2016,1,24,34,26
100101,HUANUCO,HUANUCO,HUANUCO,MASCULINO,18,CIENCIAS AGRARIAS,INGENIERÍA AGRONÓMICA,PREGRADO,2023,1,30,37,31
100101,HUANUCO,HUANUCO,HUANUCO,FEMENINO,20,CIENCIAS AGRARIAS,INGENIERÍA AGROINDUSTRIAL,PREGRADO,2019,1,31,35,30
100101,HUANUCO,HUANUCO,HUANUCO,FEMENINO,37,MEDICINA,MEDICINA HUMANA,PREGRADO,2007,1,30,36,29
100103,HUANUCO,HUANUCO,CHINCHAO,MASCULINO,17,CIENCIAS AGRARIAS,INGENIERÍA AGROINDUSTRIAL,PREGRADO,2023,1,37,37,31
100103,HUANUCO,HUANUCO,CHINCHAO,FEMENINO,21,CIENCIAS AGRARIAS,INGENIERÍA AGROINDUSTRIAL,PREGRADO,2023,1,37,37,31
100103,HUANUCO,HUANUCO,CHINCHAO,MASCULINO,23,CIENCIAS ADMINISTRATIVAS Y TURISMO,TURISMO Y HOTELERÍA,PREGRADO,2021,1,35,37,31
100103,HUANUCO,HUANUCO,CHINCHAO,MASCULINO,25,INGENIERÍA INDUSTRIAL Y DE SISTEMAS,INGENIERÍA DE SISTEMAS,PREGRADO,2019,1,36,37,31
100103,HUANUCO,HUANUCO,CHINCHAO,MASCULINO,20,CIENCIAS DE LA EDUCACIÓN,"FILOSOFÍA, PSICOLOGÍA Y CIENCIAS SOCIALES",PREGRADO,2021,1,22,35,30
100103,HUANUCO,HUANUCO,CHINCHAO,MASCULINO,23,INGENIERÍA INDUSTRIAL Y DE SISTEMAS,INGENIERÍA INDUSTRIAL,PREGRADO,2019,1,35,36,31
100103,HUANUCO,HUANUCO,CHINCHAO,MASCULINO,18,ECONOMÍA,ECONOMÍA,PREGRADO,2023,1,38,37,29
100103,HUANUCO,HUANUCO,CHINCHAO,FEMENINO,20,ECONOMÍA,ECONOMÍA,PREGRADO,2021,1,17,35,31
100103,HUANUCO,HUANUCO,CHINCHAO,FEMENINO,22,CIENCIAS DE LA EDUCACIÓN,"FILOSOFÍA, PSICOLOGÍA Y CIENCIAS SOCIALES",PREGRADO,2019,1,31,37,28
100103,HUANUCO,HUANUCO,CHINCHAO,FEMENINO,17,CIENCIAS CONTABLES Y FINANCIERAS,CIENCIAS CONTABLES Y FINANCIERAS,PREGRADO,2023,1,36,37,31
100103,HUANUCO,HUANUCO,CHINCHAO,FEMENINO,20,ECONOMÍA,ECONOMÍA,PREGRADO,2022,1,34,32,30
100104,HUANUCO,HUANUCO,CHURUBAMBA,MASCULINO,24,CIENCIAS AGRARIAS,INGENIERÍA AGRONÓMICA,PREGRADO,2020,1,37,37,30
100104,HUANUCO,HUANUCO,CHURUBAMBA,FEMENINO,25,MEDICINA,ODONTOLOGÍA,PREGRADO,2019,1,29,37,21
100104,HUANUCO,HUANUCO,CHURUBAMBA,MASCULINO,22,ENFERMERÍA,ENFERMERÍA,PREGRADO,2023,1,33,37,30
100104,HUANUCO,HUANUCO,CHURUBAMBA,MASCULINO,22,INGENIERÍA CIVIL Y ARQUITECTURA,INGENIERÍA CIVIL,PREGRADO,2023,1,34,35,29
100104,HUANUCO,HUANUCO,CHURUBAMBA,MASCULINO,18,INGENIERÍA CIVIL Y ARQUITECTURA,INGENIERÍA CIVIL,PREGRADO,2023,1,36,37,28
100104,HUANUCO,HUANUCO,CHURUBAMBA,MASCULINO,18,INGENIERÍA CIVIL Y ARQUITECTURA,ARQUITECTURA,PREGRADO,2023,1,28,36,30
100104,HUANUCO,HUANUCO,CHURUBAMBA,MASCULINO,22,INGENIERÍA INDUSTRIAL Y DE SISTEMAS,INGENIERÍA INDUSTRIAL,PREGRADO,2023,1,36,37,30
100104,HUANUCO,HUANUCO,CHURUBAMBA,MASCULINO,19,ECONOMÍA,ECONOMÍA,PREGRADO,2023,1,36,37,30
100104,HUANUCO,HUANUCO,CHURUBAMBA,MASCULINO,21,ECONOMÍA,ECONOMÍA,PREGRADO,2020,1,28,33,16
100105,HUANUCO,HUANUCO,MARGOS,MASCULINO,20,ENFERMERÍA,ENFERMERÍA,PREGRADO,2021,1,25,36,29
100105,HUANUCO,HUANUCO,MARGOS,MASCULINO,24,CIENCIAS ADMINISTRATIVAS Y TURISMO,CIENCIAS ADMINISTRATIVAS,PREGRADO,2019,1,36,37,31
100105,HUANUCO,HUANUCO,MARGOS,MASCULINO,21,CIENCIAS ADMINISTRATIVAS Y TURISMO,CIENCIAS ADMINISTRATIVAS,PREGRADO,2023,1,37,37,31
100105,HUANUCO,HUANUCO,MARGOS,MASCULINO,24,CIENCIAS CONTABLES Y FINANCIERAS,CIENCIAS CONTABLES Y FINANCIERAS,PREGRADO,2019,1,19,37,31
100105,HUANUCO,HUANUCO,MARGOS,MASCULINO,22,CIENCIAS DE LA EDUCACIÓN,LENGUA Y LITERATURA,PREGRADO,2022,1,21,36,25
100105,HUANUCO,HUANUCO,MARGOS,FEMENINO,22,DERECHO Y CIENCIAS POLÍTICAS,DERECHO Y CIENCIAS POLÍTICAS,PREGRADO,2022,1,33,37,31
100105,HUANUCO,HUANUCO,MARGOS,MASCULINO,21,ECONOMÍA,ECONOMÍA,PREGRADO,2020,1,12,36,26
100105,HUANUCO,HUANUCO,MARGOS,FEMENINO,21,ECONOMÍA,ECONOMÍA,PREGRADO,2020,1,31,36,27
100105,HUANUCO,HUANUCO,MARGOS,FEMENINO,20,ECONOMÍA,ECONOMÍA,PREGRADO,2022,1,32,34,31
100105,HUANUCO,HUANUCO,MARGOS,FEMENINO,20,CIENCIAS DE LA EDUCACIÓN,"FILOSOFÍA, PSICOLOGÍA Y CIENCIAS SOCIALES",PREGRADO,2020,1,35,37,30
100105,HUANUCO,HUANUCO,MARGOS,MASCULINO,22,CIENCIAS DE LA EDUCACIÓN,LENGUA Y LITERATURA,PREGRADO,2022,1,22,37,26
100107,HUANUCO,HUANUCO,SAN FRANCISCO DE CAYRAN,MASCULINO,20,CIENCIAS AGRARIAS,INGENIERÍA AGROINDUSTRIAL,PREGRADO,2023,1,35,37,31
100107,HUANUCO,HUANUCO,SAN FRANCISCO DE CAYRAN,MASCULINO,25,INGENIERÍA CIVIL Y ARQUITECTURA,INGENIERÍA CIVIL,PREGRADO,2018,1,35,37,30
100107,HUANUCO,HUANUCO,SAN FRANCISCO DE CAYRAN,MASCULINO,19,INGENIERÍA INDUSTRIAL Y DE SISTEMAS,INGENIERÍA INDUSTRIAL,PREGRADO,2022,1,36,36,31
100108,HUANUCO,HUANUCO,SAN PEDRO DE CHAULAN,MASCULINO,18,CIENCIAS CONTABLES Y FINANCIERAS,CIENCIAS CONTABLES Y FINANCIERAS,PREGRADO,2023,1,37,37,30
100109,HUANUCO,HUANUCO,SANTA MARIA DEL VALLE,MASCULINO,18,CIENCIAS AGRARIAS,INGENIERÍA AGRONÓMICA,PREGRADO,2023,1,36,37,31
100102,HUANUCO,HUANUCO,AMARILIS,MASCULINO,19,CIENCIAS AGRARIAS,INGENIERÍA AGRONÓMICA,PREGRADO,2023,1,34,37,31
100102,HUANUCO,HUANUCO,AMARILIS,MASCULINO,19,CIENCIAS AGRARIAS,INGENIERÍA AGROINDUSTRIAL,PREGRADO,2021,1,0,10,2
100102,HUANUCO,HUANUCO,AMARILIS,FEMENINO,33,MEDICINA,MEDICINA HUMANA,PREGRADO,2007,1,27,34,27
100102,HUANUCO,HUANUCO,AMARILIS,FEMENINO,21,MEDICINA,MEDICINA HUMANA,PREGRADO,2020,1,13,23,15
100102,HUANUCO,HUANUCO,AMARILIS,MASCULINO,18,PSICOLOGÍA,PSICOLOGÍA,PREGRADO,2022,1,32,37,31
100102,HUANUCO,HUANUCO,AMARILIS,FEMENINO,24,MEDICINA VETERINARIA Y ZOOTECNIA,MEDICINA VETERINARIA,PREGRADO,2018,1,29,34,29
100102,HUANUCO,HUANUCO,AMARILIS,MASCULINO,18,INGENIERÍA INDUSTRIAL Y DE SISTEMAS,INGENIERÍA DE SISTEMAS,PREGRADO,2022,1,32,37,30
100102,HUANUCO,HUANUCO,AMARILIS,MASCULINO,22,INGENIERÍA INDUSTRIAL Y DE SISTEMAS,INGENIERÍA DE SISTEMAS,PREGRADO,2018,1,35,37,30
100102,HUANUCO,HUANUCO,AMARILIS,MASCULINO,22,INGENIERÍA INDUSTRIAL Y DE SISTEMAS,INGENIERÍA DE SISTEMAS,PREGRADO,2021,1,33,34,27
100102,HUANUCO,HUANUCO,AMARILIS,MASCULINO,21,INGENIERÍA INDUSTRIAL Y DE SISTEMAS,INGENIERÍA DE SISTEMAS,PREGRADO,2020,1,33,37,29
100102,HUANUCO,HUANUCO,AMARILIS,FEMENINO,19,MEDICINA VETERINARIA Y ZOOTECNIA,MEDICINA VETERINARIA,PREGRADO,2021,1,26,36,26
100102,HUANUCO,HUANUCO,AMARILIS,FEMENINO,22,INGENIERÍA INDUSTRIAL Y DE SISTEMAS,INGENIERÍA INDUSTRIAL,PREGRADO,2020,1,30,36,29
100102,HUANUCO,HUANUCO,AMARILIS,FEMENINO,21,INGENIERÍA INDUSTRIAL Y DE SISTEMAS,INGENIERÍA INDUSTRIAL,PREGRADO,2020,1,32,36,28
100102,HUANUCO,HUANUCO,AMARILIS,MASCULINO,17,INGENIERÍA INDUSTRIAL Y DE SISTEMAS,INGENIERÍA INDUSTRIAL,PREGRADO,2023,1,4,26,17
100102,HUANUCO,HUANUCO,AMARILIS,MASCULINO,19,INGENIERÍA CIVIL Y ARQUITECTURA,ARQUITECTURA,PREGRADO,2022,1,31,36,29
100102,HUANUCO,HUANUCO,AMARILIS,FEMENINO,19,INGENIERÍA CIVIL Y ARQUITECTURA,ARQUITECTURA,PREGRADO,2022,1,19,36,27
100102,HUANUCO,HUANUCO,AMARILIS,MASCULINO,20,INGENIERÍA CIVIL Y ARQUITECTURA,ARQUITECTURA,PREGRADO,2020,1,34,36,29
100102,HUANUCO,HUANUCO,AMARILIS,FEMENINO,19,INGENIERÍA CIVIL Y ARQUITECTURA,ARQUITECTURA,PREGRADO,2021,1,24,36,29
100102,HUANUCO,HUANUCO,AMARILIS,MASCULINO,24,INGENIERÍA CIVIL Y ARQUITECTURA,ARQUITECTURA,PREGRADO,2021,1,31,36,28
100102,HUANUCO,HUANUCO,AMARILIS,MASCULINO,19,INGENIERÍA CIVIL Y ARQUITECTURA,INGENIERÍA CIVIL,PREGRADO,2022,1,37,36,29
100102,HUANUCO,HUANUCO,AMARILIS,FEMENINO,24,INGENIERÍA CIVIL Y ARQUITECTURA,INGENIERÍA CIVIL,PREGRADO,2022,1,27,31,22
100102,HUANUCO,HUANUCO,AMARILIS,FEMENINO,21,DERECHO Y CIENCIAS POLÍTICAS,DERECHO Y CIENCIAS POLÍTICAS,PREGRADO,2022,1,30,34,27
100102,HUANUCO,HUANUCO,AMARILIS,MASCULINO,20,CIENCIAS DE LA EDUCACIÓN,EDUCACIÓN FÍSICA,PREGRADO,2022,1,0,2,0
100102,HUANUCO,HUANUCO,AMARILIS,FEMENINO,20,CIENCIAS DE LA EDUCACIÓN,EDUCACIÓN INICIAL,PREGRADO,2021,1,22,36,27
100102,HUANUCO,HUANUCO,AMARILIS,MASCULINO,25,CIENCIAS DE LA EDUCACIÓN,EDUCACIÓN FÍSICA,PREGRADO,2020,1,30,37,28
100102,HUANUCO,HUANUCO,AMARILIS,FEMENINO,18,CIENCIAS SOCIALES,CIENCIAS DE LA COMUNICACIÓN SOCIAL,PREGRADO,2021,1,28,37,31
100102,HUANUCO,HUANUCO,AMARILIS,MASCULINO,18,ECONOMÍA,ECONOMÍA,PREGRADO,2023,1,35,37,24
100102,HUANUCO,HUANUCO,AMARILIS,MASCULINO,27,ECONOMÍA,ECONOMÍA,PREGRADO,2021,1,26,37,29
100102,HUANUCO,HUANUCO,AMARILIS,MASCULINO,21,CIENCIAS SOCIALES,SOCIOLOGÍA,PREGRADO,2019,1,36,37,29
100102,HUANUCO,HUANUCO,AMARILIS,FEMENINO,21,CIENCIAS CONTABLES Y FINANCIERAS,CIENCIAS CONTABLES Y FINANCIERAS,PREGRADO,2021,1,28,33,22
100102,HUANUCO,HUANUCO,AMARILIS,FEMENINO,23,CIENCIAS CONTABLES Y FINANCIERAS,CIENCIAS CONTABLES Y FINANCIERAS,PREGRADO,2019,1,35,37,31
100102,HUANUCO,HUANUCO,AMARILIS,FEMENINO,19,ECONOMÍA,ECONOMÍA,PREGRADO,2021,1,29,36,31
100102,HUANUCO,HUANUCO,AMARILIS,MASCULINO,29,CIENCIAS ADMINISTRATIVAS Y TURISMO,TURISMO Y HOTELERÍA,PREGRADO,2016,1,21,32,26
100102,HUANUCO,HUANUCO,AMARILIS,FEMENINO,21,CIENCIAS ADMINISTRATIVAS Y TURISMO,TURISMO Y HOTELERÍA,PREGRADO,2023,1,32,37,29
100102,HUANUCO,HUANUCO,AMARILIS,FEMENINO,20,OBSTETRICIA,OBSTETRICIA,PREGRADO,2022,1,32,37,30
100102,HUANUCO,HUANUCO,AMARILIS,FEMENINO,22,CIENCIAS ADMINISTRATIVAS Y TURISMO,CIENCIAS ADMINISTRATIVAS,PREGRADO,2021,1,21,26,24
100102,HUANUCO,HUANUCO,AMARILIS,MASCULINO,20,CIENCIAS ADMINISTRATIVAS Y TURISMO,CIENCIAS ADMINISTRATIVAS,PREGRADO,2021,1,37,37,31
100102,HUANUCO,HUANUCO,AMARILIS,FEMENINO,18,CIENCIAS ADMINISTRATIVAS Y TURISMO,CIENCIAS ADMINISTRATIVAS,PREGRADO,2022,1,31,36,31
100102,HUANUCO,HUANUCO,AMARILIS,FEMENINO,21,OBSTETRICIA,OBSTETRICIA,PREGRADO,2020,1,31,35,29
100102,HUANUCO,HUANUCO,AMARILIS,FEMENINO,21,OBSTETRICIA,OBSTETRICIA,PREGRADO,2020,1,33,35,29
100102,HUANUCO,HUANUCO,AMARILIS,FEMENINO,21,OBSTETRICIA,OBSTETRICIA,PREGRADO,2020,1,27,36,29
100102,HUANUCO,HUANUCO,AMARILIS,MASCULINO,20,OBSTETRICIA,OBSTETRICIA,PREGRADO,2020,1,36,37,31
100102,HUANUCO,HUANUCO,AMARILIS,MASCULINO,29,OBSTETRICIA,OBSTETRICIA,PREGRADO,2012,1,37,36,31
100102,HUANUCO,HUANUCO,AMARILIS,FEMENINO,21,OBSTETRICIA,OBSTETRICIA,PREGRADO,2021,1,37,37,29
100102,HUANUCO,HUANUCO,AMARILIS,FEMENINO,18,OBSTETRICIA,OBSTETRICIA,PREGRADO,2022,1,30,36,31
100102,HUANUCO,HUANUCO,AMARILIS,FEMENINO,20,ENFERMERÍA,ENFERMERÍA,PREGRADO,2021,1,34,34,31
100102,HUANUCO,HUANUCO,AMARILIS,FEMENINO,20,ENFERMERÍA,ENFERMERÍA,PREGRADO,2022,1,26,27,18
100102,HUANUCO,HUANUCO,AMARILIS,FEMENINO,19,MEDICINA,MEDICINA HUMANA,PREGRADO,2021,1,33,35,25
100102,HUANUCO,HUANUCO,AMARILIS,FEMENINO,20,MEDICINA,ODONTOLOGÍA,PREGRADO,2021,1,38,33,31
100102,HUANUCO,HUANUCO,AMARILIS,FEMENINO,19,MEDICINA,ODONTOLOGÍA,PREGRADO,2021,1,22,34,27
100102,HUANUCO,HUANUCO,AMARILIS,FEMENINO,19,ENFERMERÍA,ENFERMERÍA,PREGRADO,2021,1,30,35,31
100111,HUANUCO,HUANUCO,PILLCO MARCA,FEMENINO,19,MEDICINA,MEDICINA HUMANA,PREGRADO,2021,1,32,36,25
100111,HUANUCO,HUANUCO,PILLCO MARCA,MASCULINO,19,ENFERMERÍA,ENFERMERÍA,PREGRADO,2023,1,29,37,28
100111,HUANUCO,HUANUCO,PILLCO MARCA,FEMENINO,18,OBSTETRICIA,OBSTETRICIA,PREGRADO,2022,1,26,36,25
100111,HUANUCO,HUANUCO,PILLCO MARCA,MASCULINO,20,INGENIERÍA CIVIL Y ARQUITECTURA,ARQUITECTURA,PREGRADO,2023,1,34,37,29
100111,HUANUCO,HUANUCO,PILLCO MARCA,FEMENINO,22,INGENIERÍA INDUSTRIAL Y DE SISTEMAS,INGENIERÍA DE SISTEMAS,PREGRADO,2020,1,36,37,31
100111,HUANUCO,HUANUCO,PILLCO MARCA,FEMENINO,21,CIENCIAS DE LA EDUCACIÓN,LENGUA Y LITERATURA,PREGRADO,2020,1,23,35,29
100111,HUANUCO,HUANUCO,PILLCO MARCA,FEMENINO,22,CIENCIAS DE LA EDUCACIÓN,LENGUA Y LITERATURA,PREGRADO,2020,1,27,35,30
100111,HUANUCO,HUANUCO,PILLCO MARCA,FEMENINO,19,DERECHO Y CIENCIAS POLÍTICAS,DERECHO Y CIENCIAS POLÍTICAS,PREGRADO,2023,1,33,37,31
100111,HUANUCO,HUANUCO,PILLCO MARCA,MASCULINO,19,CIENCIAS CONTABLES Y FINANCIERAS,CIENCIAS CONTABLES Y FINANCIERAS,PREGRADO,2021,1,8,31,15
100111,HUANUCO,HUANUCO,PILLCO MARCA,FEMENINO,19,CIENCIAS DE LA EDUCACIÓN,EDUCACIÓN INICIAL,PREGRADO,2023,1,38,37,30
100111,HUANUCO,HUANUCO,PILLCO MARCA,FEMENINO,19,CIENCIAS DE LA EDUCACIÓN,EDUCACIÓN PRIMARIA,PREGRADO,2023,1,29,36,27
100112,HUANUCO,HUANUCO,YACUS,FEMENINO,21,CIENCIAS CONTABLES Y FINANCIERAS,CIENCIAS CONTABLES Y FINANCIERAS,PREGRADO,2021,1,37,36,31
100112,HUANUCO,HUANUCO,YACUS,MASCULINO,25,ECONOMÍA,ECONOMÍA,PREGRADO,2019,1,31,36,30
100112,HUANUCO,HUANUCO,YACUS,MASCULINO,20,CIENCIAS DE LA EDUCACIÓN,EDUCACIÓN FÍSICA,PREGRADO,2021,1,35,37,29
100112,HUANUCO,HUANUCO,YACUS,MASCULINO,19,CIENCIAS DE LA EDUCACIÓN,CIENCIAS HISTÓRICO SOCIALES Y GEOGRÁFICAS,PREGRADO,2023,1,12,11,10
100113,HUANUCO,HUANUCO,SAN PABLO DE PILLAO,MASCULINO,19,CIENCIAS AGRARIAS,INGENIERÍA AGRONÓMICA,PREGRADO,2022,1,38,37,30
100113,HUANUCO,HUANUCO,SAN PABLO DE PILLAO,MASCULINO,20,CIENCIAS AGRARIAS,INGENIERÍA AGRONÓMICA,PREGRADO,2022,1,37,37,30
100113,HUANUCO,HUANUCO,SAN PABLO DE PILLAO,MASCULINO,18,CIENCIAS ADMINISTRATIVAS Y TURISMO,CIENCIAS ADMINISTRATIVAS,PREGRADO,2021,1,37,37,28
100113,HUANUCO,HUANUCO,SAN PABLO DE PILLAO,FEMENINO,22,CIENCIAS DE LA EDUCACIÓN,EDUCACIÓN INICIAL,PREGRADO,2019,1,36,36,31
100113,HUANUCO,HUANUCO,SAN PABLO DE PILLAO,MASCULINO,20,CIENCIAS DE LA EDUCACIÓN,"BIOLOGÍA, QUÍMICA Y CIENCIA DEL AMBIENTE",PREGRADO,2023,1,37,37,31
100113,HUANUCO,HUANUCO,SAN PABLO DE PILLAO,MASCULINO,20,INGENIERÍA INDUSTRIAL Y DE SISTEMAS,INGENIERÍA DE SISTEMAS,PREGRADO,2022,1,34,36,31
100113,HUANUCO,HUANUCO,SAN PABLO DE PILLAO,MASCULINO,21,PSICOLOGÍA,PSICOLOGÍA,PREGRADO,2020,1,36,37,30
100201,HUANUCO,AMBO,AMBO,MASCULINO,21,CIENCIAS AGRARIAS,INGENIERÍA AGRONÓMICA,PREGRADO,2023,1,38,37,31
100201,HUANUCO,AMBO,AMBO,MASCULINO,19,MEDICINA,MEDICINA HUMANA,PREGRADO,2023,1,15,16,12
100201,HUANUCO,AMBO,AMBO,FEMENINO,18,CIENCIAS ADMINISTRATIVAS Y TURISMO,TURISMO Y HOTELERÍA,PREGRADO,2023,1,34,37,30
100201,HUANUCO,AMBO,AMBO,FEMENINO,22,CIENCIAS CONTABLES Y FINANCIERAS,CIENCIAS CONTABLES Y FINANCIERAS,PREGRADO,2019,1,32,34,26
100201,HUANUCO,AMBO,AMBO,MASCULINO,20,INGENIERÍA CIVIL Y ARQUITECTURA,ARQUITECTURA,PREGRADO,2022,1,21,34,29
100201,HUANUCO,AMBO,AMBO,MASCULINO,19,INGENIERÍA INDUSTRIAL Y DE SISTEMAS,INGENIERÍA INDUSTRIAL,PREGRADO,2021,1,36,37,30
100201,HUANUCO,AMBO,AMBO,FEMENINO,22,INGENIERÍA INDUSTRIAL Y DE SISTEMAS,INGENIERÍA INDUSTRIAL,PREGRADO,2020,1,30,36,28
100201,HUANUCO,AMBO,AMBO,FEMENINO,20,PSICOLOGÍA,PSICOLOGÍA,PREGRADO,2023,1,34,37,30
100201,HUANUCO,AMBO,AMBO,FEMENINO,26,CIENCIAS DE LA EDUCACIÓN,MATEMÁTICA Y FÍSICA,PREGRADO,2023,1,6,26,23
100201,HUANUCO,AMBO,AMBO,MASCULINO,22,DERECHO Y CIENCIAS POLÍTICAS,DERECHO Y CIENCIAS POLÍTICAS,PREGRADO,2019,1,32,36,29
100201,HUANUCO,AMBO,AMBO,MASCULINO,24,INGENIERÍA CIVIL Y ARQUITECTURA,INGENIERÍA CIVIL,PREGRADO,2022,1,33,37,30
100201,HUANUCO,AMBO,AMBO,MASCULINO,27,CIENCIAS SOCIALES,SOCIOLOGÍA,PREGRADO,2023,1,34,37,30
100201,HUANUCO,AMBO,AMBO,FEMENINO,21,CIENCIAS SOCIALES,SOCIOLOGÍA,PREGRADO,2022,1,35,37,30
100201,HUANUCO,AMBO,AMBO,FEMENINO,19,CIENCIAS DE LA EDUCACIÓN,EDUCACIÓN PRIMARIA,PREGRADO,2021,1,29,36,30
100201,HUANUCO,AMBO,AMBO,MASCULINO,23,CIENCIAS DE LA EDUCACIÓN,EDUCACIÓN FÍSICA,PREGRADO,2020,1,27,35,30
100202,HUANUCO,AMBO,CAYNA,FEMENINO,20,CIENCIAS ADMINISTRATIVAS Y TURISMO,TURISMO Y HOTELERÍA,PREGRADO,2021,1,8,33,28
100202,HUANUCO,AMBO,CAYNA,FEMENINO,21,CIENCIAS DE LA EDUCACIÓN,EDUCACIÓN INICIAL,PREGRADO,2020,1,35,37,31
100202,HUANUCO,AMBO,CAYNA,FEMENINO,20,CIENCIAS DE LA EDUCACIÓN,EDUCACIÓN PRIMARIA,PREGRADO,2020,1,35,37,30
100203,HUANUCO,AMBO,COLPAS,MASCULINO,20,CIENCIAS AGRARIAS,INGENIERÍA AGRONÓMICA,PREGRADO,2023,1,37,36,31
100203,HUANUCO,AMBO,COLPAS,MASCULINO,22,INGENIERÍA INDUSTRIAL Y DE SISTEMAS,INGENIERÍA INDUSTRIAL,PREGRADO,2021,1,31,37,30
100203,HUANUCO,AMBO,COLPAS,MASCULINO,22,INGENIERÍA INDUSTRIAL Y DE SISTEMAS,INGENIERÍA INDUSTRIAL,PREGRADO,2023,1,37,37,31
100203,HUANUCO,AMBO,COLPAS,FEMENINO,18,CIENCIAS DE LA EDUCACIÓN,"BIOLOGÍA, QUÍMICA Y CIENCIA DEL AMBIENTE",PREGRADO,2021,1,33,36,31
100204,HUANUCO,AMBO,CONCHAMARCA,FEMENINO,18,ENFERMERÍA,ENFERMERÍA,PREGRADO,2022,1,37,37,30
100204,HUANUCO,AMBO,CONCHAMARCA,MASCULINO,22,CIENCIAS CONTABLES Y FINANCIERAS,CIENCIAS CONTABLES Y FINANCIERAS,PREGRADO,2021,1,35,37,30
100204,HUANUCO,AMBO,CONCHAMARCA,FEMENINO,21,CIENCIAS CONTABLES Y FINANCIERAS,CIENCIAS CONTABLES Y FINANCIERAS,PREGRADO,2019,1,24,37,31
100204,HUANUCO,AMBO,CONCHAMARCA,MASCULINO,22,INGENIERÍA INDUSTRIAL Y DE SISTEMAS,INGENIERÍA DE SISTEMAS,PREGRADO,2020,1,35,36,29
100204,HUANUCO,AMBO,CONCHAMARCA,FEMENINO,21,PSICOLOGÍA,PSICOLOGÍA,PREGRADO,2022,1,35,36,31
100205,HUANUCO,AMBO,HUACAR,FEMENINO,20,CIENCIAS CONTABLES Y FINANCIERAS,CIENCIAS CONTABLES Y FINANCIERAS,PREGRADO,2021,1,20,35,22
100205,HUANUCO,AMBO,HUACAR,MASCULINO,20,CIENCIAS DE LA EDUCACIÓN,CIENCIAS HISTÓRICO SOCIALES Y GEOGRÁFICAS,PREGRADO,2023,1,38,37,30
100205,HUANUCO,AMBO,HUACAR,MASCULINO,22,DERECHO Y CIENCIAS POLÍTICAS,DERECHO Y CIENCIAS POLÍTICAS,PREGRADO,2021,1,25,36,28
100206,HUANUCO,AMBO,SAN FRANCISCO,MASCULINO,21,CIENCIAS SOCIALES,SOCIOLOGÍA,PREGRADO,2022,1,35,33,19
100206,HUANUCO,AMBO,SAN FRANCISCO,MASCULINO,22,INGENIERÍA CIVIL Y ARQUITECTURA,ARQUITECTURA,PREGRADO,2020,1,24,36,30
100207,HUANUCO,AMBO,SAN RAFAEL,MASCULINO,20,CIENCIAS AGRARIAS,INGENIERÍA AGRONÓMICA,PREGRADO,2023,1,37,37,30
100207,HUANUCO,AMBO,SAN RAFAEL,FEMENINO,20,CIENCIAS ADMINISTRATIVAS Y TURISMO,CIENCIAS ADMINISTRATIVAS,PREGRADO,2021,1,27,33,26
100207,HUANUCO,AMBO,SAN RAFAEL,FEMENINO,20,CIENCIAS CONTABLES Y FINANCIERAS,CIENCIAS CONTABLES Y FINANCIERAS,PREGRADO,2020,1,28,37,31
100207,HUANUCO,AMBO,SAN RAFAEL,MASCULINO,20,ECONOMÍA,ECONOMÍA,PREGRADO,2021,1,31,36,31
100207,HUANUCO,AMBO,SAN RAFAEL,MASCULINO,20,CIENCIAS DE LA EDUCACIÓN,EDUCACIÓN FÍSICA,PREGRADO,2023,1,35,35,28
100207,HUANUCO,AMBO,SAN RAFAEL,MASCULINO,21,DERECHO Y CIENCIAS POLÍTICAS,DERECHO Y CIENCIAS POLÍTICAS,PREGRADO,2020,1,32,37,30
100207,HUANUCO,AMBO,SAN RAFAEL,MASCULINO,25,INGENIERÍA CIVIL Y ARQUITECTURA,ARQUITECTURA,PREGRADO,2020,1,25,33,27
100207,HUANUCO,AMBO,SAN RAFAEL,MASCULINO,26,INGENIERÍA INDUSTRIAL Y DE SISTEMAS,INGENIERÍA INDUSTRIAL,PREGRADO,2015,1,35,32,31
100208,HUANUCO,AMBO,TOMAY KICHWA,MASCULINO,22,OBSTETRICIA,OBSTETRICIA,PREGRADO,2020,1,29,35,29
100208,HUANUCO,AMBO,TOMAY KICHWA,MASCULINO,19,PSICOLOGÍA,PSICOLOGÍA,PREGRADO,2021,1,38,36,30
100301,HUANUCO,DOS DE MAYO,LA UNION,FEMENINO,23,ECONOMÍA,ECONOMÍA,PREGRADO,2019,1,28,37,29
100301,HUANUCO,DOS DE MAYO,LA UNION,MASCULINO,19,CIENCIAS SOCIALES,CIENCIAS DE LA COMUNICACIÓN SOCIAL,PREGRADO,2023,1,37,37,30
100301,HUANUCO,DOS DE MAYO,LA UNION,FEMENINO,20,CIENCIAS DE LA EDUCACIÓN,"BIOLOGÍA, QUÍMICA Y CIENCIA DEL AMBIENTE",PREGRADO,2021,1,16,34,28
100301,HUANUCO,DOS DE MAYO,LA UNION,MASCULINO,23,INGENIERÍA INDUSTRIAL Y DE SISTEMAS,INGENIERÍA DE SISTEMAS,PREGRADO,2018,1,30,37,31
100301,HUANUCO,DOS DE MAYO,LA UNION,MASCULINO,19,CIENCIAS DE LA EDUCACIÓN,MATEMÁTICA Y FÍSICA,PREGRADO,2022,1,35,37,29
100301,HUANUCO,DOS DE MAYO,LA UNION,FEMENINO,23,DERECHO Y CIENCIAS POLÍTICAS,DERECHO Y CIENCIAS POLÍTICAS,PREGRADO,2022,0,30,37,30
100301,HUANUCO,DOS DE MAYO,LA UNION,MASCULINO,18,INGENIERÍA CIVIL Y ARQUITECTURA,ARQUITECTURA,PREGRADO,2023,1,20,36,29
100301,HUANUCO,DOS DE MAYO,LA UNION,MASCULINO,19,INGENIERÍA INDUSTRIAL Y DE SISTEMAS,INGENIERÍA DE SISTEMAS,PREGRADO,2021,1,34,37,30
100307,HUANUCO,DOS DE MAYO,CHUQUIS,FEMENINO,21,CIENCIAS DE LA EDUCACIÓN,"FILOSOFÍA, PSICOLOGÍA Y CIENCIAS SOCIALES",PREGRADO,2020,1,36,37,30
100311,HUANUCO,DOS DE MAYO,MARIAS,MASCULINO,24,CIENCIAS AGRARIAS,INGENIERÍA AGRONÓMICA,PREGRADO,2018,1,37,35,31
100311,HUANUCO,DOS DE MAYO,MARIAS,MASCULINO,19,CIENCIAS AGRARIAS,INGENIERÍA AGROINDUSTRIAL,PREGRADO,2021,1,34,34,30
100311,HUANUCO,DOS DE MAYO,MARIAS,MASCULINO,21,ENFERMERÍA,ENFERMERÍA,PREGRADO,2020,1,35,35,30
100311,HUANUCO,DOS DE MAYO,MARIAS,FEMENINO,22,CIENCIAS CONTABLES Y FINANCIERAS,CIENCIAS CONTABLES Y FINANCIERAS,PREGRADO,2021,1,31,36,30
100311,HUANUCO,DOS DE MAYO,MARIAS,MASCULINO,21,ECONOMÍA,ECONOMÍA,PREGRADO,2021,1,31,37,30
100313,HUANUCO,DOS DE MAYO,PACHAS,MASCULINO,18,CIENCIAS AGRARIAS,INGENIERÍA AGRONÓMICA,PREGRADO,2022,1,35,37,30
100313,HUANUCO,DOS DE MAYO,PACHAS,FEMENINO,18,CIENCIAS AGRARIAS,INGENIERÍA AGROINDUSTRIAL,PREGRADO,2023,1,28,37,31
100313,HUANUCO,DOS DE MAYO,PACHAS,FEMENINO,22,CIENCIAS CONTABLES Y FINANCIERAS,CIENCIAS CONTABLES Y FINANCIERAS,PREGRADO,2019,1,33,36,30
100313,HUANUCO,DOS DE MAYO,PACHAS,FEMENINO,24,CIENCIAS DE LA EDUCACIÓN,EDUCACIÓN INICIAL,PREGRADO,2021,1,20,37,28
100313,HUANUCO,DOS DE MAYO,PACHAS,MASCULINO,23,INGENIERÍA INDUSTRIAL Y DE SISTEMAS,INGENIERÍA DE SISTEMAS,PREGRADO,2018,2,37,36,31
100316,HUANUCO,DOS DE MAYO,QUIVILLA,MASCULINO,20,CIENCIAS DE LA EDUCACIÓN,"FILOSOFÍA, PSICOLOGÍA Y CIENCIAS SOCIALES",PREGRADO,2020,1,38,37,30
100317,HUANUCO,DOS DE MAYO,RIPAN,MASCULINO,20,CIENCIAS DE LA EDUCACIÓN,LENGUA Y LITERATURA,PREGRADO,2021,1,36,34,27
100322,HUANUCO,DOS DE MAYO,SILLAPATA,MASCULINO,23,CIENCIAS ADMINISTRATIVAS Y TURISMO,CIENCIAS ADMINISTRATIVAS,PREGRADO,2020,1,29,37,31
100322,HUANUCO,DOS DE MAYO,SILLAPATA,MASCULINO,29,CIENCIAS CONTABLES Y FINANCIERAS,CIENCIAS CONTABLES Y FINANCIERAS,PREGRADO,2019,1,34,37,31
100322,HUANUCO,DOS DE MAYO,SILLAPATA,FEMENINO,22,INGENIERÍA INDUSTRIAL Y DE SISTEMAS,INGENIERÍA INDUSTRIAL,PREGRADO,2019,1,33,37,31
100323,HUANUCO,DOS DE MAYO,YANAS,MASCULINO,22,MEDICINA,MEDICINA HUMANA,PREGRADO,2023,1,0,6,6
100501,HUANUCO,HUAMALIES,LLATA,FEMENINO,20,MEDICINA,ODONTOLOGÍA,PREGRADO,2021,1,37,35,30
100501,HUANUCO,HUAMALIES,LLATA,MASCULINO,26,INGENIERÍA INDUSTRIAL Y DE SISTEMAS,INGENIERÍA INDUSTRIAL,PREGRADO,2022,1,35,37,31
100501,HUANUCO,HUAMALIES,LLATA,MASCULINO,26,INGENIERÍA INDUSTRIAL Y DE SISTEMAS,INGENIERÍA DE SISTEMAS,PREGRADO,2020,1,24,37,26
100501,HUANUCO,HUAMALIES,LLATA,MASCULINO,22,INGENIERÍA INDUSTRIAL Y DE SISTEMAS,INGENIERÍA DE SISTEMAS,PREGRADO,2020,1,37,37,30
100501,HUANUCO,HUAMALIES,LLATA,FEMENINO,22,DERECHO Y CIENCIAS POLÍTICAS,DERECHO Y CIENCIAS POLÍTICAS,PREGRADO,2019,1,29,37,30
100501,HUANUCO,HUAMALIES,LLATA,MASCULINO,20,INGENIERÍA CIVIL Y ARQUITECTURA,INGENIERÍA CIVIL,PREGRADO,2021,1,34,36,31
100501,HUANUCO,HUAMALIES,LLATA,MASCULINO,20,ECONOMÍA,ECONOMÍA,PREGRADO,2021,1,32,37,31
100501,HUANUCO,HUAMALIES,LLATA,FEMENINO,19,CIENCIAS ADMINISTRATIVAS Y TURISMO,CIENCIAS ADMINISTRATIVAS,PREGRADO,2021,1,5,34,26
100501,HUANUCO,HUAMALIES,LLATA,FEMENINO,22,CIENCIAS CONTABLES Y FINANCIERAS,CIENCIAS CONTABLES Y FINANCIERAS,PREGRADO,2019,1,30,37,31
100501,HUANUCO,HUAMALIES,LLATA,MASCULINO,21,CIENCIAS CONTABLES Y FINANCIERAS,CIENCIAS CONTABLES Y FINANCIERAS,PREGRADO,2019,1,30,37,31
100502,HUANUCO,HUAMALIES,ARANCAY,MASCULINO,26,CIENCIAS CONTABLES Y FINANCIERAS,CIENCIAS CONTABLES Y FINANCIERAS,PREGRADO,2019,1,20,32,29
100502,HUANUCO,HUAMALIES,ARANCAY,FEMENINO,22,CIENCIAS DE LA EDUCACIÓN,EDUCACIÓN PRIMARIA,PREGRADO,2021,1,33,37,31
100502,HUANUCO,HUAMALIES,ARANCAY,FEMENINO,17,CIENCIAS DE LA EDUCACIÓN,EDUCACIÓN FÍSICA,PREGRADO,2023,1,25,29,10
100503,HUANUCO,HUAMALIES,CHAVIN DE PARIARCA,MASCULINO,18,CIENCIAS AGRARIAS,INGENIERÍA AGRONÓMICA,PREGRADO,2022,1,34,35,29
100503,HUANUCO,HUAMALIES,CHAVIN DE PARIARCA,FEMENINO,28,MEDICINA,ODONTOLOGÍA,PREGRADO,2012,1,2,0,0
100503,HUANUCO,HUAMALIES,CHAVIN DE PARIARCA,MASCULINO,21,CIENCIAS CONTABLES Y FINANCIERAS,CIENCIAS CONTABLES Y FINANCIERAS,PREGRADO,2021,1,33,37,28
100503,HUANUCO,HUAMALIES,CHAVIN DE PARIARCA,MASCULINO,22,INGENIERÍA CIVIL Y ARQUITECTURA,INGENIERÍA CIVIL,PREGRADO,2020,1,32,37,26
100503,HUANUCO,HUAMALIES,CHAVIN DE PARIARCA,MASCULINO,19,CIENCIAS DE LA EDUCACIÓN,LENGUA Y LITERATURA,PREGRADO,2021,1,37,37,30
100503,HUANUCO,HUAMALIES,CHAVIN DE PARIARCA,MASCULINO,18,CIENCIAS DE LA EDUCACIÓN,MATEMÁTICA Y FÍSICA,PREGRADO,2023,1,35,37,31
100504,HUANUCO,HUAMALIES,JACAS GRANDE,MASCULINO,22,CIENCIAS AGRARIAS,INGENIERÍA AGRONÓMICA,PREGRADO,2023,1,6,5,3
100504,HUANUCO,HUAMALIES,JACAS GRANDE,MASCULINO,17,CIENCIAS AGRARIAS,INGENIERÍA AGRONÓMICA,PREGRADO,2023,1,37,37,31
100504,HUANUCO,HUAMALIES,JACAS GRANDE,MASCULINO,22,CIENCIAS AGRARIAS,INGENIERÍA AGROINDUSTRIAL,PREGRADO,2023,1,38,37,31
100504,HUANUCO,HUAMALIES,JACAS GRANDE,MASCULINO,27,ENFERMERÍA,ENFERMERÍA,PREGRADO,2014,1,23,36,23
100504,HUANUCO,HUAMALIES,JACAS GRANDE,MASCULINO,20,INGENIERÍA INDUSTRIAL Y DE SISTEMAS,INGENIERÍA DE SISTEMAS,PREGRADO,2023,1,11,15,9
100504,HUANUCO,HUAMALIES,JACAS GRANDE,FEMENINO,24,DERECHO Y CIENCIAS POLÍTICAS,DERECHO Y CIENCIAS POLÍTICAS,PREGRADO,2020,1,37,37,28
100504,HUANUCO,HUAMALIES,JACAS GRANDE,MASCULINO,20,CIENCIAS DE LA EDUCACIÓN,"FILOSOFÍA, PSICOLOGÍA Y CIENCIAS SOCIALES",PREGRADO,2021,1,32,37,28
100504,HUANUCO,HUAMALIES,JACAS GRANDE,FEMENINO,21,CIENCIAS DE LA EDUCACIÓN,"FILOSOFÍA, PSICOLOGÍA Y CIENCIAS SOCIALES",PREGRADO,2023,1,34,37,30
100504,HUANUCO,HUAMALIES,JACAS GRANDE,FEMENINO,30,CIENCIAS DE LA EDUCACIÓN,"FILOSOFÍA, PSICOLOGÍA Y CIENCIAS SOCIALES",PREGRADO,2019,1,38,37,29
100504,HUANUCO,HUAMALIES,JACAS GRANDE,FEMENINO,17,CIENCIAS DE LA EDUCACIÓN,CIENCIAS HISTÓRICO SOCIALES Y GEOGRÁFICAS,PREGRADO,2023,1,37,37,30
100504,HUANUCO,HUAMALIES,JACAS GRANDE,FEMENINO,20,CIENCIAS DE LA EDUCACIÓN,LENGUA Y LITERATURA,PREGRADO,2022,1,27,37,27
100504,HUANUCO,HUAMALIES,JACAS GRANDE,MASCULINO,21,CIENCIAS DE LA EDUCACIÓN,MATEMÁTICA Y FÍSICA,PREGRADO,2021,1,30,35,31
100504,HUANUCO,HUAMALIES,JACAS GRANDE,FEMENINO,20,CIENCIAS DE LA EDUCACIÓN,EDUCACIÓN PRIMARIA,PREGRADO,2022,1,37,37,31
100504,HUANUCO,HUAMALIES,JACAS GRANDE,MASCULINO,22,CIENCIAS DE LA EDUCACIÓN,EDUCACIÓN PRIMARIA,PREGRADO,2023,1,23,30,24
100504,HUANUCO,HUAMALIES,JACAS GRANDE,MASCULINO,26,CIENCIAS DE LA EDUCACIÓN,EDUCACIÓN FÍSICA,PREGRADO,2022,1,35,37,30
100504,HUANUCO,HUAMALIES,JACAS GRANDE,MASCULINO,20,CIENCIAS DE LA EDUCACIÓN,"BIOLOGÍA, QUÍMICA Y CIENCIA DEL AMBIENTE",PREGRADO,2021,1,35,35,29
100504,HUANUCO,HUAMALIES,JACAS GRANDE,FEMENINO,22,CIENCIAS DE LA EDUCACIÓN,"FILOSOFÍA, PSICOLOGÍA Y CIENCIAS SOCIALES",PREGRADO,2020,1,36,35,30
100504,HUANUCO,HUAMALIES,JACAS GRANDE,MASCULINO,22,CIENCIAS CONTABLES Y FINANCIERAS,CIENCIAS CONTABLES Y FINANCIERAS,PREGRADO,2023,1,36,36,28
100504,HUANUCO,HUAMALIES,JACAS GRANDE,FEMENINO,21,CIENCIAS DE LA EDUCACIÓN,EDUCACIÓN INICIAL,PREGRADO,2022,1,1,10,3
100504,HUANUCO,HUAMALIES,JACAS GRANDE,FEMENINO,23,CIENCIAS DE LA EDUCACIÓN,EDUCACIÓN PRIMARIA,PREGRADO,2020,1,34,37,27
100506,HUANUCO,HUAMALIES,MIRAFLORES,FEMENINO,20,ENFERMERÍA,ENFERMERÍA,PREGRADO,2021,1,9,28,26
100506,HUANUCO,HUAMALIES,MIRAFLORES,MASCULINO,23,CIENCIAS CONTABLES Y FINANCIERAS,CIENCIAS CONTABLES Y FINANCIERAS,PREGRADO,2019,1,13,30,18
100506,HUANUCO,HUAMALIES,MIRAFLORES,MASCULINO,22,ECONOMÍA,ECONOMÍA,PREGRADO,2023,1,34,37,25
100506,HUANUCO,HUAMALIES,MIRAFLORES,FEMENINO,19,CIENCIAS DE LA EDUCACIÓN,"BIOLOGÍA, QUÍMICA Y CIENCIA DEL AMBIENTE",PREGRADO,2023,1,35,37,30
100506,HUANUCO,HUAMALIES,MIRAFLORES,FEMENINO,21,CIENCIAS DE LA EDUCACIÓN,CIENCIAS HISTÓRICO SOCIALES Y GEOGRÁFICAS,PREGRADO,2019,1,24,36,28
100506,HUANUCO,HUAMALIES,MIRAFLORES,MASCULINO,23,MEDICINA VETERINARIA Y ZOOTECNIA,MEDICINA VETERINARIA,PREGRADO,2017,1,30,35,28
100507,HUANUCO,HUAMALIES,MONZON,FEMENINO,29,CIENCIAS AGRARIAS,INGENIERÍA AGRONÓMICA,PREGRADO,2022,1,0,8,5
100507,HUANUCO,HUAMALIES,MONZON,MASCULINO,23,CIENCIAS AGRARIAS,INGENIERÍA AGRONÓMICA,PREGRADO,2020,1,11,34,29
100507,HUANUCO,HUAMALIES,MONZON,MASCULINO,22,CIENCIAS AGRARIAS,INGENIERÍA AGRONÓMICA,PREGRADO,2021,2,25,37,30
100507,HUANUCO,HUAMALIES,MONZON,FEMENINO,17,PSICOLOGÍA,PSICOLOGÍA,PREGRADO,2023,1,38,37,30
100507,HUANUCO,HUAMALIES,MONZON,MASCULINO,24,INGENIERÍA CIVIL Y ARQUITECTURA,INGENIERÍA CIVIL,PREGRADO,2017,1,27,36,29
100507,HUANUCO,HUAMALIES,MONZON,MASCULINO,17,CIENCIAS DE LA EDUCACIÓN,EDUCACIÓN FÍSICA,PREGRADO,2023,1,37,36,30
100507,HUANUCO,HUAMALIES,MONZON,FEMENINO,18,ENFERMERÍA,ENFERMERÍA,PREGRADO,2023,1,37,37,31
100508,HUANUCO,HUAMALIES,PUNCHAO,MASCULINO,24,CIENCIAS ADMINISTRATIVAS Y TURISMO,CIENCIAS ADMINISTRATIVAS,PREGRADO,2019,1,36,37,31
100508,HUANUCO,HUAMALIES,PUNCHAO,MASCULINO,21,CIENCIAS DE LA EDUCACIÓN,EDUCACIÓN FÍSICA,PREGRADO,2022,1,29,37,31
100508,HUANUCO,HUAMALIES,PUNCHAO,MASCULINO,21,CIENCIAS DE LA EDUCACIÓN,"BIOLOGÍA, QUÍMICA Y CIENCIA DEL AMBIENTE",PREGRADO,2020,1,38,37,31
100509,HUANUCO,HUAMALIES,PUÑOS,FEMENINO,18,OBSTETRICIA,OBSTETRICIA,PREGRADO,2022,1,36,36,30
100509,HUANUCO,HUAMALIES,PUÑOS,MASCULINO,24,CIENCIAS CONTABLES Y FINANCIERAS,CIENCIAS CONTABLES Y FINANCIERAS,PREGRADO,2019,1,35,37,30
100509,HUANUCO,HUAMALIES,PUÑOS,FEMENINO,27,CIENCIAS CONTABLES Y FINANCIERAS,CIENCIAS CONTABLES Y FINANCIERAS,PREGRADO,2019,1,32,36,31
100509,HUANUCO,HUAMALIES,PUÑOS,MASCULINO,23,CIENCIAS DE LA EDUCACIÓN,MATEMÁTICA Y FÍSICA,PREGRADO,2021,1,37,37,31
100509,HUANUCO,HUAMALIES,PUÑOS,MASCULINO,20,CIENCIAS DE LA EDUCACIÓN,EDUCACIÓN FÍSICA,PREGRADO,2020,1,32,37,31
100509,HUANUCO,HUAMALIES,PUÑOS,FEMENINO,17,CIENCIAS DE LA EDUCACIÓN,"FILOSOFÍA, PSICOLOGÍA Y CIENCIAS SOCIALES",PREGRADO,2023,1,38,37,29
100509,HUANUCO,HUAMALIES,PUÑOS,MASCULINO,31,CIENCIAS DE LA EDUCACIÓN,LENGUA Y LITERATURA,PREGRADO,2022,1,33,36,28
100510,HUANUCO,HUAMALIES,SINGA,FEMENINO,20,CIENCIAS ADMINISTRATIVAS Y TURISMO,TURISMO Y HOTELERÍA,PREGRADO,2021,1,19,32,30
100510,HUANUCO,HUAMALIES,SINGA,FEMENINO,19,CIENCIAS DE LA EDUCACIÓN,LENGUA Y LITERATURA,PREGRADO,2022,1,26,37,29
100510,HUANUCO,HUAMALIES,SINGA,FEMENINO,20,DERECHO Y CIENCIAS POLÍTICAS,DERECHO Y CIENCIAS POLÍTICAS,PREGRADO,2020,1,25,35,28
100511,HUANUCO,HUAMALIES,TANTAMAYO,FEMENINO,22,PSICOLOGÍA,PSICOLOGÍA,PREGRADO,2019,1,36,37,31
100701,HUANUCO,MARAÑON,HUACRACHUCO,MASCULINO,30,CIENCIAS AGRARIAS,INGENIERÍA AGRONÓMICA,PREGRADO,2022,1,36,35,28
100702,HUANUCO,MARAÑON,CHOLON,MASCULINO,18,ECONOMÍA,ECONOMÍA,PREGRADO,2023,1,35,37,25
100703,HUANUCO,MARAÑON,SAN BUENAVENTURA,MASCULINO,20,ENFERMERÍA,ENFERMERÍA,PREGRADO,2022,1,32,37,30
100601,HUANUCO,LEONCIO PRADO,RUPA-RUPA,MASCULINO,27,MEDICINA,MEDICINA HUMANA,PREGRADO,2015,1,28,33,28
100601,HUANUCO,LEONCIO PRADO,RUPA-RUPA,MASCULINO,20,ENFERMERÍA,ENFERMERÍA,PREGRADO,2021,1,36,35,29
100601,HUANUCO,LEONCIO PRADO,RUPA-RUPA,FEMENINO,19,OBSTETRICIA,OBSTETRICIA,PREGRADO,2022,1,36,37,30
100601,HUANUCO,LEONCIO PRADO,RUPA-RUPA,FEMENINO,41,CIENCIAS DE LA EDUCACIÓN,EDUCACIÓN PRIMARIA,PREGRADO,2005,1,27,37,30
100601,HUANUCO,LEONCIO PRADO,RUPA-RUPA,FEMENINO,17,CIENCIAS DE LA EDUCACIÓN,"BIOLOGÍA, QUÍMICA Y CIENCIA DEL AMBIENTE",PREGRADO,2023,1,31,34,31
100601,HUANUCO,LEONCIO PRADO,RUPA-RUPA,MASCULINO,27,INGENIERÍA CIVIL Y ARQUITECTURA,INGENIERÍA CIVIL,PREGRADO,2019,1,20,37,29
100601,HUANUCO,LEONCIO PRADO,RUPA-RUPA,MASCULINO,20,INGENIERÍA CIVIL Y ARQUITECTURA,ARQUITECTURA,PREGRADO,2023,1,32,36,29
100601,HUANUCO,LEONCIO PRADO,RUPA-RUPA,MASCULINO,25,INGENIERÍA CIVIL Y ARQUITECTURA,ARQUITECTURA,PREGRADO,2017,1,32,36,25
100601,HUANUCO,LEONCIO PRADO,RUPA-RUPA,MASCULINO,18,CIENCIAS ADMINISTRATIVAS Y TURISMO,CIENCIAS ADMINISTRATIVAS,PREGRADO,2023,1,23,36,28
100601,HUANUCO,LEONCIO PRADO,RUPA-RUPA,FEMENINO,22,CIENCIAS CONTABLES Y FINANCIERAS,CIENCIAS CONTABLES Y FINANCIERAS,PREGRADO,2020,1,32,37,27
100601,HUANUCO,LEONCIO PRADO,RUPA-RUPA,MASCULINO,25,ECONOMÍA,ECONOMÍA,PREGRADO,2018,1,1,4,3
100603,HUANUCO,LEONCIO PRADO,HERMILIO VALDIZAN,FEMENINO,19,ENFERMERÍA,ENFERMERÍA,PREGRADO,2023,1,35,35,31
100603,HUANUCO,LEONCIO PRADO,HERMILIO VALDIZAN,FEMENINO,21,PSICOLOGÍA,PSICOLOGÍA,PREGRADO,2020,1,35,35,31
100606,HUANUCO,LEONCIO PRADO,MARIANO DAMASO BERAUN,FEMENINO,22,CIENCIAS CONTABLES Y FINANCIERAS,CIENCIAS CONTABLES Y FINANCIERAS,PREGRADO,2020,1,38,36,30
100606,HUANUCO,LEONCIO PRADO,MARIANO DAMASO BERAUN,MASCULINO,23,INGENIERÍA CIVIL Y ARQUITECTURA,ARQUITECTURA,PREGRADO,2023,1,29,37,29
100604,HUANUCO,LEONCIO PRADO,JOSE CRESPO Y CASTILLO,FEMENINO,21,MEDICINA,ODONTOLOGÍA,PREGRADO,2022,1,33,37,30
100604,HUANUCO,LEONCIO PRADO,JOSE CRESPO Y CASTILLO,MASCULINO,24,CIENCIAS ADMINISTRATIVAS Y TURISMO,CIENCIAS ADMINISTRATIVAS,PREGRADO,2019,1,37,37,31
100604,HUANUCO,LEONCIO PRADO,JOSE CRESPO Y CASTILLO,MASCULINO,19,ECONOMÍA,ECONOMÍA,PREGRADO,2023,1,29,37,25
100604,HUANUCO,LEONCIO PRADO,JOSE CRESPO Y CASTILLO,FEMENINO,20,INGENIERÍA INDUSTRIAL Y DE SISTEMAS,INGENIERÍA DE SISTEMAS,PREGRADO,2021,1,32,35,31
100604,HUANUCO,LEONCIO PRADO,JOSE CRESPO Y CASTILLO,FEMENINO,17,CIENCIAS SOCIALES,SOCIOLOGÍA,PREGRADO,2023,1,35,37,30
100604,HUANUCO,LEONCIO PRADO,JOSE CRESPO Y CASTILLO,FEMENINO,18,CIENCIAS SOCIALES,CIENCIAS DE LA COMUNICACIÓN SOCIAL,PREGRADO,2023,1,31,36,31
100604,HUANUCO,LEONCIO PRADO,JOSE CRESPO Y CASTILLO,FEMENINO,20,CIENCIAS DE LA EDUCACIÓN,EDUCACIÓN PRIMARIA,PREGRADO,2022,1,38,37,31
100801,HUANUCO,PACHITEA,PANAO,FEMENINO,23,CIENCIAS AGRARIAS,INGENIERÍA AGROINDUSTRIAL,PREGRADO,2019,1,26,35,31
100801,HUANUCO,PACHITEA,PANAO,MASCULINO,27,ENFERMERÍA,ENFERMERÍA,PREGRADO,2021,1,36,35,30
100801,HUANUCO,PACHITEA,PANAO,FEMENINO,20,OBSTETRICIA,OBSTETRICIA,PREGRADO,2020,1,36,37,31
100801,HUANUCO,PACHITEA,PANAO,MASCULINO,28,INGENIERÍA INDUSTRIAL Y DE SISTEMAS,INGENIERÍA DE SISTEMAS,PREGRADO,2019,1,35,35,30
100801,HUANUCO,PACHITEA,PANAO,MASCULINO,19,INGENIERÍA CIVIL Y ARQUITECTURA,INGENIERÍA CIVIL,PREGRADO,2023,1,33,36,30
100801,HUANUCO,PACHITEA,PANAO,MASCULINO,28,INGENIERÍA CIVIL Y ARQUITECTURA,ARQUITECTURA,PREGRADO,2013,1,36,37,31
100801,HUANUCO,PACHITEA,PANAO,MASCULINO,18,INGENIERÍA CIVIL Y ARQUITECTURA,ARQUITECTURA,PREGRADO,2022,1,27,37,28
100801,HUANUCO,PACHITEA,PANAO,MASCULINO,24,INGENIERÍA INDUSTRIAL Y DE SISTEMAS,INGENIERÍA DE SISTEMAS,PREGRADO,2019,1,29,33,28
100801,HUANUCO,PACHITEA,PANAO,MASCULINO,26,INGENIERÍA INDUSTRIAL Y DE SISTEMAS,INGENIERÍA DE SISTEMAS,PREGRADO,2019,1,38,37,31
100801,HUANUCO,PACHITEA,PANAO,MASCULINO,21,CIENCIAS DE LA EDUCACIÓN,MATEMÁTICA Y FÍSICA,PREGRADO,2021,1,33,37,29
100801,HUANUCO,PACHITEA,PANAO,FEMENINO,19,DERECHO Y CIENCIAS POLÍTICAS,DERECHO Y CIENCIAS POLÍTICAS,PREGRADO,2022,1,30,37,29
100801,HUANUCO,PACHITEA,PANAO,MASCULINO,22,INGENIERÍA CIVIL Y ARQUITECTURA,INGENIERÍA CIVIL,PREGRADO,2020,1,32,36,29
100801,HUANUCO,PACHITEA,PANAO,FEMENINO,23,CIENCIAS DE LA EDUCACIÓN,"FILOSOFÍA, PSICOLOGÍA Y CIENCIAS SOCIALES",PREGRADO,2020,1,37,37,30
100801,HUANUCO,PACHITEA,PANAO,MASCULINO,21,CIENCIAS DE LA EDUCACIÓN,CIENCIAS HISTÓRICO SOCIALES Y GEOGRÁFICAS,PREGRADO,2023,1,33,37,30
100801,HUANUCO,PACHITEA,PANAO,FEMENINO,24,ECONOMÍA,ECONOMÍA,PREGRADO,2021,1,10,37,29
100801,HUANUCO,PACHITEA,PANAO,MASCULINO,20,CIENCIAS DE LA EDUCACIÓN,EDUCACIÓN FÍSICA,PREGRADO,2022,1,36,37,31
100801,HUANUCO,PACHITEA,PANAO,FEMENINO,19,ECONOMÍA,ECONOMÍA,PREGRADO,2021,1,15,37,27
100801,HUANUCO,PACHITEA,PANAO,MASCULINO,19,CIENCIAS ADMINISTRATIVAS Y TURISMO,CIENCIAS ADMINISTRATIVAS,PREGRADO,2023,1,36,37,30
100801,HUANUCO,PACHITEA,PANAO,MASCULINO,17,CIENCIAS ADMINISTRATIVAS Y TURISMO,TURISMO Y HOTELERÍA,PREGRADO,2023,1,38,37,29
100801,HUANUCO,PACHITEA,PANAO,MASCULINO,19,CIENCIAS CONTABLES Y FINANCIERAS,CIENCIAS CONTABLES Y FINANCIERAS,PREGRADO,2023,1,0,11,3
100801,HUANUCO,PACHITEA,PANAO,MASCULINO,17,CIENCIAS CONTABLES Y FINANCIERAS,CIENCIAS CONTABLES Y FINANCIERAS,PREGRADO,2023,1,38,37,30
100802,HUANUCO,PACHITEA,CHAGLLA,FEMENINO,23,CIENCIAS ADMINISTRATIVAS Y TURISMO,CIENCIAS ADMINISTRATIVAS,PREGRADO,2022,1,31,35,28
100802,HUANUCO,PACHITEA,CHAGLLA,MASCULINO,24,DERECHO Y CIENCIAS POLÍTICAS,DERECHO Y CIENCIAS POLÍTICAS,PREGRADO,2019,1,21,36,30
100802,HUANUCO,PACHITEA,CHAGLLA,MASCULINO,18,INGENIERÍA CIVIL Y ARQUITECTURA,INGENIERÍA CIVIL,PREGRADO,2022,1,35,37,30
100802,HUANUCO,PACHITEA,CHAGLLA,FEMENINO,25,MEDICINA VETERINARIA Y ZOOTECNIA,MEDICINA VETERINARIA,PREGRADO,2017,1,31,35,24
100802,HUANUCO,PACHITEA,CHAGLLA,FEMENINO,20,CIENCIAS DE LA EDUCACIÓN,"BIOLOGÍA, QUÍMICA Y CIENCIA DEL AMBIENTE",PREGRADO,2021,1,35,36,29
100802,HUANUCO,PACHITEA,CHAGLLA,MASCULINO,24,CIENCIAS DE LA EDUCACIÓN,"FILOSOFÍA, PSICOLOGÍA Y CIENCIAS SOCIALES",PREGRADO,2019,1,18,18,15
100802,HUANUCO,PACHITEA,CHAGLLA,MASCULINO,21,CIENCIAS DE LA EDUCACIÓN,MATEMÁTICA Y FÍSICA,PREGRADO,2021,1,28,37,30
100802,HUANUCO,PACHITEA,CHAGLLA,MASCULINO,25,ECONOMÍA,ECONOMÍA,PREGRADO,2019,1,35,37,29
100802,HUANUCO,PACHITEA,CHAGLLA,FEMENINO,20,CIENCIAS SOCIALES,SOCIOLOGÍA,PREGRADO,2023,1,37,37,31
100802,HUANUCO,PACHITEA,CHAGLLA,FEMENINO,20,CIENCIAS DE LA EDUCACIÓN,EDUCACIÓN INICIAL,PREGRADO,2021,1,30,37,28
100802,HUANUCO,PACHITEA,CHAGLLA,MASCULINO,19,CIENCIAS DE LA EDUCACIÓN,EDUCACIÓN FÍSICA,PREGRADO,2022,1,36,37,27
100802,HUANUCO,PACHITEA,CHAGLLA,MASCULINO,22,CIENCIAS DE LA EDUCACIÓN,EDUCACIÓN FÍSICA,PREGRADO,2022,1,35,37,30
100802,HUANUCO,PACHITEA,CHAGLLA,MASCULINO,18,CIENCIAS ADMINISTRATIVAS Y TURISMO,CIENCIAS ADMINISTRATIVAS,PREGRADO,2023,1,37,36,31
100802,HUANUCO,PACHITEA,CHAGLLA,FEMENINO,18,CIENCIAS CONTABLES Y FINANCIERAS,CIENCIAS CONTABLES Y FINANCIERAS,PREGRADO,2023,1,33,36,26
100802,HUANUCO,PACHITEA,CHAGLLA,MASCULINO,20,CIENCIAS CONTABLES Y FINANCIERAS,CIENCIAS CONTABLES Y FINANCIERAS,PREGRADO,2020,1,31,37,31
100803,HUANUCO,PACHITEA,MOLINO,MASCULINO,21,CIENCIAS AGRARIAS,INGENIERÍA AGRONÓMICA,PREGRADO,2020,1,36,37,31
100803,HUANUCO,PACHITEA,MOLINO,FEMENINO,18,ENFERMERÍA,ENFERMERÍA,PREGRADO,2022,1,27,36,27
100803,HUANUCO,PACHITEA,MOLINO,MASCULINO,23,INGENIERÍA INDUSTRIAL Y DE SISTEMAS,INGENIERÍA DE SISTEMAS,PREGRADO,2019,1,36,37,31
100803,HUANUCO,PACHITEA,MOLINO,FEMENINO,22,MEDICINA VETERINARIA Y ZOOTECNIA,MEDICINA VETERINARIA,PREGRADO,2021,1,33,37,27
100803,HUANUCO,PACHITEA,MOLINO,MASCULINO,18,CIENCIAS DE LA EDUCACIÓN,CIENCIAS HISTÓRICO SOCIALES Y GEOGRÁFICAS,PREGRADO,2023,1,34,36,28
100803,HUANUCO,PACHITEA,MOLINO,FEMENINO,18,CIENCIAS DE LA EDUCACIÓN,CIENCIAS HISTÓRICO SOCIALES Y GEOGRÁFICAS,PREGRADO,2023,1,35,37,30
100803,HUANUCO,PACHITEA,MOLINO,FEMENINO,17,CIENCIAS DE LA EDUCACIÓN,"FILOSOFÍA, PSICOLOGÍA Y CIENCIAS SOCIALES",PREGRADO,2023,1,37,37,31
100803,HUANUCO,PACHITEA,MOLINO,FEMENINO,17,CIENCIAS DE LA EDUCACIÓN,"FILOSOFÍA, PSICOLOGÍA Y CIENCIAS SOCIALES",PREGRADO,2023,1,38,37,30
100803,HUANUCO,PACHITEA,MOLINO,FEMENINO,17,CIENCIAS DE LA EDUCACIÓN,"FILOSOFÍA, PSICOLOGÍA Y CIENCIAS SOCIALES",PREGRADO,2023,1,35,36,30
100803,HUANUCO,PACHITEA,MOLINO,MASCULINO,18,CIENCIAS DE LA EDUCACIÓN,CIENCIAS HISTÓRICO SOCIALES Y GEOGRÁFICAS,PREGRADO,2023,1,35,36,29
100803,HUANUCO,PACHITEA,MOLINO,FEMENINO,23,CIENCIAS DE LA EDUCACIÓN,EDUCACIÓN INICIAL,PREGRADO,2019,1,38,36,27
100803,HUANUCO,PACHITEA,MOLINO,FEMENINO,17,CIENCIAS DE LA EDUCACIÓN,EDUCACIÓN PRIMARIA,PREGRADO,2023,1,37,37,29
100803,HUANUCO,PACHITEA,MOLINO,MASCULINO,18,CIENCIAS ADMINISTRATIVAS Y TURISMO,CIENCIAS ADMINISTRATIVAS,PREGRADO,2023,1,38,37,31
100804,HUANUCO,PACHITEA,UMARI,FEMENINO,24,CIENCIAS AGRARIAS,INGENIERÍA AGROINDUSTRIAL,PREGRADO,2019,1,34,36,31
100804,HUANUCO,PACHITEA,UMARI,FEMENINO,21,MEDICINA,ODONTOLOGÍA,PREGRADO,2022,1,35,37,29
100804,HUANUCO,PACHITEA,UMARI,FEMENINO,20,MEDICINA,ODONTOLOGÍA,PREGRADO,2022,1,37,37,30
100804,HUANUCO,PACHITEA,UMARI,FEMENINO,26,CIENCIAS CONTABLES Y FINANCIERAS,CIENCIAS CONTABLES Y FINANCIERAS,PREGRADO,2019,1,37,37,31
100804,HUANUCO,PACHITEA,UMARI,MASCULINO,23,CIENCIAS SOCIALES,SOCIOLOGÍA,PREGRADO,2022,1,37,36,31
100804,HUANUCO,PACHITEA,UMARI,MASCULINO,21,DERECHO Y CIENCIAS POLÍTICAS,DERECHO Y CIENCIAS POLÍTICAS,PREGRADO,2019,1,32,34,26
100804,HUANUCO,PACHITEA,UMARI,MASCULINO,21,INGENIERÍA CIVIL Y ARQUITECTURA,INGENIERÍA CIVIL,PREGRADO,2022,1,28,36,22
100804,HUANUCO,PACHITEA,UMARI,FEMENINO,26,CIENCIAS CONTABLES Y FINANCIERAS,CIENCIAS CONTABLES Y FINANCIERAS,PREGRADO,2021,1,31,36,31
100804,HUANUCO,PACHITEA,UMARI,MASCULINO,21,ECONOMÍA,ECONOMÍA,PREGRADO,2020,1,31,37,30
100401,HUANUCO,HUACAYBAMBA,HUACAYBAMBA,MASCULINO,21,CIENCIAS ADMINISTRATIVAS Y TURISMO,CIENCIAS ADMINISTRATIVAS,PREGRADO,2020,1,35,37,31
100402,HUANUCO,HUACAYBAMBA,CANCHABAMBA,MASCULINO,20,CIENCIAS DE LA EDUCACIÓN,CIENCIAS HISTÓRICO SOCIALES Y GEOGRÁFICAS,PREGRADO,2021,1,32,37,29
100402,HUANUCO,HUACAYBAMBA,CANCHABAMBA,MASCULINO,18,CIENCIAS DE LA EDUCACIÓN,MATEMÁTICA Y FÍSICA,PREGRADO,2023,1,37,37,31
101001,HUANUCO,LAURICOCHA,JESUS,FEMENINO,18,CIENCIAS AGRARIAS,INGENIERÍA AGRONÓMICA,PREGRADO,2023,1,35,36,30
101001,HUANUCO,LAURICOCHA,JESUS,MASCULINO,24,CIENCIAS AGRARIAS,INGENIERÍA AGRONÓMICA,PREGRADO,2022,1,26,35,31
101001,HUANUCO,LAURICOCHA,JESUS,MASCULINO,18,MEDICINA VETERINARIA Y ZOOTECNIA,MEDICINA VETERINARIA,PREGRADO,2023,1,35,37,31
101001,HUANUCO,LAURICOCHA,JESUS,MASCULINO,23,INGENIERÍA CIVIL Y ARQUITECTURA,INGENIERÍA CIVIL,PREGRADO,2020,1,33,36,29
101001,HUANUCO,LAURICOCHA,JESUS,MASCULINO,23,INGENIERÍA INDUSTRIAL Y DE SISTEMAS,INGENIERÍA DE SISTEMAS,PREGRADO,2021,1,38,37,31
101001,HUANUCO,LAURICOCHA,JESUS,FEMENINO,17,CIENCIAS DE LA EDUCACIÓN,"FILOSOFÍA, PSICOLOGÍA Y CIENCIAS SOCIALES",PREGRADO,2023,1,38,37,30
101001,HUANUCO,LAURICOCHA,JESUS,MASCULINO,20,CIENCIAS ADMINISTRATIVAS Y TURISMO,CIENCIAS ADMINISTRATIVAS,PREGRADO,2022,1,36,36,30
101001,HUANUCO,LAURICOCHA,JESUS,MASCULINO,20,CIENCIAS ADMINISTRATIVAS Y TURISMO,CIENCIAS ADMINISTRATIVAS,PREGRADO,2020,1,34,37,31
101001,HUANUCO,LAURICOCHA,JESUS,FEMENINO,22,CIENCIAS DE LA EDUCACIÓN,EDUCACIÓN PRIMARIA,PREGRADO,2019,1,28,37,29
101002,HUANUCO,LAURICOCHA,BAÑOS,MASCULINO,18,INGENIERÍA CIVIL Y ARQUITECTURA,INGENIERÍA CIVIL,PREGRADO,2023,1,34,36,30
101006,HUANUCO,LAURICOCHA,SAN FRANCISCO DE ASIS,FEMENINO,27,CIENCIAS AGRARIAS,INGENIERÍA AGROINDUSTRIAL,PREGRADO,2021,1,18,36,30
101006,HUANUCO,LAURICOCHA,SAN FRANCISCO DE ASIS,FEMENINO,23,CIENCIAS CONTABLES Y FINANCIERAS,CIENCIAS CONTABLES Y FINANCIERAS,PREGRADO,2019,1,27,35,30
101006,HUANUCO,LAURICOCHA,SAN FRANCISCO DE ASIS,FEMENINO,21,CIENCIAS DE LA EDUCACIÓN,EDUCACIÓN INICIAL,PREGRADO,2019,1,32,34,29
101006,HUANUCO,LAURICOCHA,SAN FRANCISCO DE ASIS,MASCULINO,25,INGENIERÍA CIVIL Y ARQUITECTURA,INGENIERÍA CIVIL,PREGRADO,2019,1,33,37,29
101006,HUANUCO,LAURICOCHA,SAN FRANCISCO DE ASIS,MASCULINO,25,INGENIERÍA CIVIL Y ARQUITECTURA,ARQUITECTURA,PREGRADO,2022,1,26,37,30
101006,HUANUCO,LAURICOCHA,SAN FRANCISCO DE ASIS,MASCULINO,20,INGENIERÍA INDUSTRIAL Y DE SISTEMAS,INGENIERÍA INDUSTRIAL,PREGRADO,2022,1,36,37,30
101007,HUANUCO,LAURICOCHA,SAN MIGUEL DE CAURI,MASCULINO,23,CIENCIAS AGRARIAS,INGENIERÍA AGRONÓMICA,PREGRADO,2021,1,30,37,31
101007,HUANUCO,LAURICOCHA,SAN MIGUEL DE CAURI,MASCULINO,17,CIENCIAS AGRARIAS,INGENIERÍA AGROINDUSTRIAL,PREGRADO,2023,1,38,37,31
101007,HUANUCO,LAURICOCHA,SAN MIGUEL DE CAURI,MASCULINO,23,INGENIERÍA CIVIL Y ARQUITECTURA,ARQUITECTURA,PREGRADO,2020,1,33,36,30
101007,HUANUCO,LAURICOCHA,SAN MIGUEL DE CAURI,MASCULINO,25,INGENIERÍA INDUSTRIAL Y DE SISTEMAS,INGENIERÍA DE SISTEMAS,PREGRADO,2019,1,34,37,30
101007,HUANUCO,LAURICOCHA,SAN MIGUEL DE CAURI,MASCULINO,17,CIENCIAS DE LA EDUCACIÓN,MATEMÁTICA Y FÍSICA,PREGRADO,2023,1,21,36,29
101007,HUANUCO,LAURICOCHA,SAN MIGUEL DE CAURI,MASCULINO,20,INGENIERÍA CIVIL Y ARQUITECTURA,INGENIERÍA CIVIL,PREGRADO,2020,1,33,36,30
101007,HUANUCO,LAURICOCHA,SAN MIGUEL DE CAURI,FEMENINO,21,CIENCIAS DE LA EDUCACIÓN,"FILOSOFÍA, PSICOLOGÍA Y CIENCIAS SOCIALES",PREGRADO,2021,1,31,36,31
101007,HUANUCO,LAURICOCHA,SAN MIGUEL DE CAURI,FEMENINO,21,CIENCIAS DE LA EDUCACIÓN,"FILOSOFÍA, PSICOLOGÍA Y CIENCIAS SOCIALES",PREGRADO,2020,1,38,37,31
101007,HUANUCO,LAURICOCHA,SAN MIGUEL DE CAURI,FEMENINO,17,CIENCIAS DE LA EDUCACIÓN,EDUCACIÓN PRIMARIA,PREGRADO,2023,1,21,37,28
101007,HUANUCO,LAURICOCHA,SAN MIGUEL DE CAURI,FEMENINO,20,CIENCIAS DE LA EDUCACIÓN,EDUCACIÓN PRIMARIA,PREGRADO,2021,1,30,37,31
101007,HUANUCO,LAURICOCHA,SAN MIGUEL DE CAURI,FEMENINO,20,CIENCIAS DE LA EDUCACIÓN,EDUCACIÓN PRIMARIA,PREGRADO,2020,1,29,36,30
101005,HUANUCO,LAURICOCHA,RONDOS,FEMENINO,21,MEDICINA,ODONTOLOGÍA,PREGRADO,2021,1,32,36,29
101005,HUANUCO,LAURICOCHA,RONDOS,FEMENINO,19,OBSTETRICIA,OBSTETRICIA,PREGRADO,2022,1,34,35,31
101005,HUANUCO,LAURICOCHA,RONDOS,MASCULINO,23,INGENIERÍA INDUSTRIAL Y DE SISTEMAS,INGENIERÍA DE SISTEMAS,PREGRADO,2021,1,36,37,30
101005,HUANUCO,LAURICOCHA,RONDOS,MASCULINO,22,DERECHO Y CIENCIAS POLÍTICAS,DERECHO Y CIENCIAS POLÍTICAS,PREGRADO,2022,1,32,37,30
101005,HUANUCO,LAURICOCHA,RONDOS,FEMENINO,20,CIENCIAS DE LA EDUCACIÓN,EDUCACIÓN PRIMARIA,PREGRADO,2021,1,26,37,31
101005,HUANUCO,LAURICOCHA,RONDOS,MASCULINO,22,CIENCIAS DE LA EDUCACIÓN,EDUCACIÓN FÍSICA,PREGRADO,2020,1,34,37,31
101005,HUANUCO,LAURICOCHA,RONDOS,MASCULINO,17,ECONOMÍA,ECONOMÍA,PREGRADO,2023,1,37,36,29
101005,HUANUCO,LAURICOCHA,RONDOS,MASCULINO,20,ECONOMÍA,ECONOMÍA,PREGRADO,2019,1,21,23,19
101005,HUANUCO,LAURICOCHA,RONDOS,FEMENINO,23,CIENCIAS SOCIALES,SOCIOLOGÍA,PREGRADO,2021,1,29,37,29
101003,HUANUCO,LAURICOCHA,JIVIA,MASCULINO,23,CIENCIAS CONTABLES Y FINANCIERAS,CIENCIAS CONTABLES Y FINANCIERAS,PREGRADO,2020,1,38,37,31
101101,HUANUCO,YAROWILCA,CHAVINILLO,MASCULINO,21,ENFERMERÍA,ENFERMERÍA,PREGRADO,2020,1,33,37,28
101101,HUANUCO,YAROWILCA,CHAVINILLO,FEMENINO,20,ENFERMERÍA,ENFERMERÍA,PREGRADO,2021,1,35,36,31
101101,HUANUCO,YAROWILCA,CHAVINILLO,FEMENINO,20,CIENCIAS ADMINISTRATIVAS Y TURISMO,TURISMO Y HOTELERÍA,PREGRADO,2020,1,29,31,31
101101,HUANUCO,YAROWILCA,CHAVINILLO,FEMENINO,20,CIENCIAS DE LA EDUCACIÓN,EDUCACIÓN FÍSICA,PREGRADO,2021,1,20,36,30
101101,HUANUCO,YAROWILCA,CHAVINILLO,FEMENINO,19,CIENCIAS DE LA EDUCACIÓN,CIENCIAS HISTÓRICO SOCIALES Y GEOGRÁFICAS,PREGRADO,2023,1,37,37,30
101101,HUANUCO,YAROWILCA,CHAVINILLO,FEMENINO,19,CIENCIAS DE LA EDUCACIÓN,MATEMÁTICA Y FÍSICA,PREGRADO,2023,1,35,37,30
101101,HUANUCO,YAROWILCA,CHAVINILLO,FEMENINO,18,PSICOLOGÍA,PSICOLOGÍA,PREGRADO,2023,1,36,37,30
101104,HUANUCO,YAROWILCA,APARICIO POMARES,MASCULINO,22,MEDICINA,ODONTOLOGÍA,PREGRADO,2021,1,30,35,31
101104,HUANUCO,YAROWILCA,APARICIO POMARES,MASCULINO,20,CIENCIAS ADMINISTRATIVAS Y TURISMO,CIENCIAS ADMINISTRATIVAS,PREGRADO,2022,1,34,36,30
101104,HUANUCO,YAROWILCA,APARICIO POMARES,MASCULINO,21,INGENIERÍA INDUSTRIAL Y DE SISTEMAS,INGENIERÍA DE SISTEMAS,PREGRADO,2021,1,34,36,29
101104,HUANUCO,YAROWILCA,APARICIO POMARES,FEMENINO,19,INGENIERÍA CIVIL Y ARQUITECTURA,ARQUITECTURA,PREGRADO,2022,1,34,37,31
101104,HUANUCO,YAROWILCA,APARICIO POMARES,MASCULINO,19,CIENCIAS DE LA EDUCACIÓN,MATEMÁTICA Y FÍSICA,PREGRADO,2023,1,32,36,26
101104,HUANUCO,YAROWILCA,APARICIO POMARES,FEMENINO,24,CIENCIAS DE LA EDUCACIÓN,LENGUA Y LITERATURA,PREGRADO,2019,1,27,37,29
101104,HUANUCO,YAROWILCA,APARICIO POMARES,MASCULINO,23,CIENCIAS DE LA EDUCACIÓN,LENGUA Y LITERATURA,PREGRADO,2020,1,13,35,26
101102,HUANUCO,YAROWILCA,CAHUAC,MASCULINO,19,CIENCIAS SOCIALES,SOCIOLOGÍA,PREGRADO,2023,1,32,35,29
101102,HUANUCO,YAROWILCA,CAHUAC,FEMENINO,19,CIENCIAS DE LA EDUCACIÓN,EDUCACIÓN FÍSICA,PREGRADO,2022,1,35,37,31
101102,HUANUCO,YAROWILCA,CAHUAC,MASCULINO,20,CIENCIAS DE LA EDUCACIÓN,LENGUA Y LITERATURA,PREGRADO,2022,1,28,36,28
101105,HUANUCO,YAROWILCA,JACAS CHICO,MASCULINO,26,CIENCIAS ADMINISTRATIVAS Y TURISMO,CIENCIAS ADMINISTRATIVAS,PREGRADO,2020,1,15,24,16
101105,HUANUCO,YAROWILCA,JACAS CHICO,MASCULINO,20,INGENIERÍA INDUSTRIAL Y DE SISTEMAS,INGENIERÍA INDUSTRIAL,PREGRADO,2021,1,7,26,20
101106,HUANUCO,YAROWILCA,OBAS,FEMENINO,27,CIENCIAS AGRARIAS,INGENIERÍA AGRONÓMICA,PREGRADO,2021,1,37,37,31
101106,HUANUCO,YAROWILCA,OBAS,MASCULINO,18,CIENCIAS AGRARIAS,INGENIERÍA AGROINDUSTRIAL,PREGRADO,2023,1,33,36,31
101106,HUANUCO,YAROWILCA,OBAS,MASCULINO,18,MEDICINA,MEDICINA HUMANA,PREGRADO,2023,1,31,34,28
101106,HUANUCO,YAROWILCA,OBAS,MASCULINO,20,ENFERMERÍA,ENFERMERÍA,PREGRADO,2021,1,32,35,30
101106,HUANUCO,YAROWILCA,OBAS,FEMENINO,19,CIENCIAS DE LA EDUCACIÓN,"BIOLOGÍA, QUÍMICA Y CIENCIA DEL AMBIENTE",PREGRADO,2021,1,33,37,29
101106,HUANUCO,YAROWILCA,OBAS,MASCULINO,20,CIENCIAS DE LA EDUCACIÓN,LENGUA Y LITERATURA,PREGRADO,2022,1,30,37,30
101106,HUANUCO,YAROWILCA,OBAS,FEMENINO,22,CIENCIAS DE LA EDUCACIÓN,MATEMÁTICA Y FÍSICA,PREGRADO,2021,1,21,36,28
101106,HUANUCO,YAROWILCA,OBAS,FEMENINO,20,PSICOLOGÍA,PSICOLOGÍA,PREGRADO,2022,1,38,37,30
101106,HUANUCO,YAROWILCA,OBAS,FEMENINO,20,OBSTETRICIA,OBSTETRICIA,PREGRADO,2020,1,29,35,28
101106,HUANUCO,YAROWILCA,OBAS,FEMENINO,21,CIENCIAS ADMINISTRATIVAS Y TURISMO,TURISMO Y HOTELERÍA,PREGRADO,2020,1,18,36,26
101106,HUANUCO,YAROWILCA,OBAS,MASCULINO,18,CIENCIAS CONTABLES Y FINANCIERAS,CIENCIAS CONTABLES Y FINANCIERAS,PREGRADO,2023,1,37,36,29
101106,HUANUCO,YAROWILCA,OBAS,FEMENINO,19,CIENCIAS SOCIALES,CIENCIAS DE LA COMUNICACIÓN SOCIAL,PREGRADO,2023,1,33,37,31
101106,HUANUCO,YAROWILCA,OBAS,MASCULINO,25,CIENCIAS DE LA EDUCACIÓN,EDUCACIÓN FÍSICA,PREGRADO,2023,1,27,36,27
101107,HUANUCO,YAROWILCA,PAMPAMARCA,MASCULINO,23,CIENCIAS AGRARIAS,INGENIERÍA AGROINDUSTRIAL,PREGRADO,2023,1,4,4,4
101107,HUANUCO,YAROWILCA,PAMPAMARCA,MASCULINO,19,CIENCIAS DE LA EDUCACIÓN,MATEMÁTICA Y FÍSICA,PREGRADO,2023,1,27,37,31
101108,HUANUCO,YAROWILCA,CHORAS,FEMENINO,31,CIENCIAS DE LA EDUCACIÓN,EDUCACIÓN INICIAL,PREGRADO,2019,1,34,37,31
110101,ICA,ICA,ICA,FEMENINO,20,OBSTETRICIA,OBSTETRICIA,PREGRADO,2021,1,5,36,22
120101,JUNIN,HUANCAYO,HUANCAYO,MASCULINO,23,PSICOLOGÍA,PSICOLOGÍA,PREGRADO,2022,1,36,37,29
120114,JUNIN,HUANCAYO,EL TAMBO,FEMENINO,21,MEDICINA,MEDICINA HUMANA,PREGRADO,2022,1,13,16,13
120401,JUNIN,JAUJA,JAUJA,FEMENINO,22,PSICOLOGÍA,PSICOLOGÍA,PREGRADO,2022,1,38,37,31
120501,JUNIN,JUNIN,JUNIN,MASCULINO,20,MEDICINA,MEDICINA HUMANA,PREGRADO,2019,1,34,37,28
120701,JUNIN,TARMA,TARMA,FEMENINO,19,CIENCIAS AGRARIAS,INGENIERÍA AGROINDUSTRIAL,PREGRADO,2023,1,34,37,31
120701,JUNIN,TARMA,TARMA,FEMENINO,22,MEDICINA VETERINARIA Y ZOOTECNIA,MEDICINA VETERINARIA,PREGRADO,2022,1,38,36,31
120801,JUNIN,YAULI,LA OROYA,FEMENINO,17,PSICOLOGÍA,PSICOLOGÍA,PREGRADO,2023,1,34,37,31
120801,JUNIN,YAULI,LA OROYA,FEMENINO,25,PSICOLOGÍA,PSICOLOGÍA,PREGRADO,2018,1,38,37,29
120303,JUNIN,CHANCHAMAYO,PICHANAQUI,MASCULINO,24,CIENCIAS AGRARIAS,INGENIERÍA AGRONÓMICA,PREGRADO,2019,1,25,35,30
120303,JUNIN,CHANCHAMAYO,PICHANAQUI,FEMENINO,20,CIENCIAS ADMINISTRATIVAS Y TURISMO,TURISMO Y HOTELERÍA,PREGRADO,2023,1,34,37,28
120303,JUNIN,CHANCHAMAYO,PICHANAQUI,MASCULINO,20,CIENCIAS CONTABLES Y FINANCIERAS,CIENCIAS CONTABLES Y FINANCIERAS,PREGRADO,2023,1,38,37,29
120303,JUNIN,CHANCHAMAYO,PICHANAQUI,MASCULINO,26,INGENIERÍA INDUSTRIAL Y DE SISTEMAS,INGENIERÍA INDUSTRIAL,PREGRADO,2018,1,30,35,31
120303,JUNIN,CHANCHAMAYO,PICHANAQUI,FEMENINO,19,MEDICINA VETERINARIA Y ZOOTECNIA,MEDICINA VETERINARIA,PREGRADO,2022,1,33,37,31
120303,JUNIN,CHANCHAMAYO,PICHANAQUI,FEMENINO,23,PSICOLOGÍA,PSICOLOGÍA,PREGRADO,2020,1,31,37,30
120901,JUNIN,CHUPACA,CHUPACA,MASCULINO,30,INGENIERÍA CIVIL Y ARQUITECTURA,INGENIERÍA CIVIL,PREGRADO,2022,1,31,36,27
120901,JUNIN,CHUPACA,CHUPACA,FEMENINO,26,MEDICINA VETERINARIA Y ZOOTECNIA,MEDICINA VETERINARIA,PREGRADO,2022,1,35,37,31
130101,LA LIBERTAD,TRUJILLO,TRUJILLO,MASCULINO,17,CIENCIAS AGRARIAS,INGENIERÍA AGROINDUSTRIAL,PREGRADO,2023,1,38,37,31
130101,LA LIBERTAD,TRUJILLO,TRUJILLO,FEMENINO,20,CIENCIAS DE LA EDUCACIÓN,LENGUA Y LITERATURA,PREGRADO,2021,1,3,36,30
150101,LIMA,LIMA,LIMA,FEMENINO,28,MEDICINA,MEDICINA HUMANA,PREGRADO,2015,1,13,15,13
150101,LIMA,LIMA,LIMA,FEMENINO,19,CIENCIAS ADMINISTRATIVAS Y TURISMO,TURISMO Y HOTELERÍA,PREGRADO,2023,1,36,37,30
150101,LIMA,LIMA,LIMA,MASCULINO,27,CIENCIAS CONTABLES Y FINANCIERAS,CIENCIAS CONTABLES Y FINANCIERAS,PREGRADO,2019,1,19,31,30
150101,LIMA,LIMA,LIMA,MASCULINO,24,CIENCIAS CONTABLES Y FINANCIERAS,CIENCIAS CONTABLES Y FINANCIERAS,PREGRADO,2019,1,13,27,15
150101,LIMA,LIMA,LIMA,FEMENINO,23,CIENCIAS DE LA EDUCACIÓN,EDUCACIÓN INICIAL,PREGRADO,2020,1,22,37,28
150101,LIMA,LIMA,LIMA,FEMENINO,20,INGENIERÍA CIVIL Y ARQUITECTURA,ARQUITECTURA,PREGRADO,2021,1,17,34,27
150101,LIMA,LIMA,LIMA,MASCULINO,19,INGENIERÍA INDUSTRIAL Y DE SISTEMAS,INGENIERÍA INDUSTRIAL,PREGRADO,2021,1,30,37,29
150103,LIMA,LIMA,ATE,FEMENINO,22,MEDICINA,ODONTOLOGÍA,PREGRADO,2021,1,33,36,30
150103,LIMA,LIMA,ATE,FEMENINO,22,INGENIERÍA INDUSTRIAL Y DE SISTEMAS,INGENIERÍA INDUSTRIAL,PREGRADO,2020,1,37,36,31
150103,LIMA,LIMA,ATE,FEMENINO,21,PSICOLOGÍA,PSICOLOGÍA,PREGRADO,2022,1,36,37,31
150106,LIMA,LIMA,CARABAYLLO,MASCULINO,20,CIENCIAS DE LA EDUCACIÓN,EDUCACIÓN FÍSICA,PREGRADO,2020,1,5,24,22
150106,LIMA,LIMA,CARABAYLLO,FEMENINO,17,CIENCIAS DE LA EDUCACIÓN,LENGUA Y LITERATURA,PREGRADO,2023,1,31,36,29
150106,LIMA,LIMA,CARABAYLLO,FEMENINO,18,MEDICINA VETERINARIA Y ZOOTECNIA,MEDICINA VETERINARIA,PREGRADO,2023,1,36,37,29
150110,LIMA,LIMA,COMAS,FEMENINO,20,CIENCIAS DE LA EDUCACIÓN,LENGUA Y LITERATURA,PREGRADO,2021,1,37,37,30
150108,LIMA,LIMA,CHORRILLOS,FEMENINO,27,OBSTETRICIA,OBSTETRICIA,PREGRADO,2013,1,15,15,13
150119,LIMA,LIMA,LURIN,FEMENINO,18,CIENCIAS AGRARIAS,INGENIERÍA AGRONÓMICA,PREGRADO,2023,1,37,37,31
150135,LIMA,LIMA,SAN MARTIN DE PORRES,MASCULINO,19,OBSTETRICIA,OBSTETRICIA,PREGRADO,2022,1,34,36,30
150135,LIMA,LIMA,SAN MARTIN DE PORRES,MASCULINO,20,CIENCIAS ADMINISTRATIVAS Y TURISMO,CIENCIAS ADMINISTRATIVAS,PREGRADO,2021,1,33,35,27
150113,LIMA,LIMA,JESUS MARIA,FEMENINO,21,MEDICINA,ODONTOLOGÍA,PREGRADO,2021,1,36,36,31
150113,LIMA,LIMA,JESUS MARIA,MASCULINO,20,PSICOLOGÍA,PSICOLOGÍA,PREGRADO,2021,1,31,35,28
150112,LIMA,LIMA,INDEPENDENCIA,FEMENINO,22,MEDICINA,ODONTOLOGÍA,PREGRADO,2018,1,30,37,27
150111,LIMA,LIMA,EL AGUSTINO,FEMENINO,20,ECONOMÍA,ECONOMÍA,PREGRADO,2022,1,32,36,30
150133,LIMA,LIMA,SAN JUAN DE MIRAFLORES,MASCULINO,22,INGENIERÍA INDUSTRIAL Y DE SISTEMAS,INGENIERÍA INDUSTRIAL,PREGRADO,2023,1,19,21,15
150132,LIMA,LIMA,SAN JUAN DE LURIGANCHO,MASCULINO,22,INGENIERÍA INDUSTRIAL Y DE SISTEMAS,INGENIERÍA INDUSTRIAL,PREGRADO,2023,1,32,37,31
150132,LIMA,LIMA,SAN JUAN DE LURIGANCHO,MASCULINO,26,INGENIERÍA INDUSTRIAL Y DE SISTEMAS,INGENIERÍA DE SISTEMAS,PREGRADO,2020,1,37,37,31
150132,LIMA,LIMA,SAN JUAN DE LURIGANCHO,FEMENINO,18,PSICOLOGÍA,PSICOLOGÍA,PREGRADO,2022,1,38,37,31
150142,LIMA,LIMA,VILLA EL SALVADOR,FEMENINO,21,CIENCIAS ADMINISTRATIVAS Y TURISMO,CIENCIAS ADMINISTRATIVAS,PREGRADO,2022,1,36,36,30
150142,LIMA,LIMA,VILLA EL SALVADOR,MASCULINO,17,CIENCIAS SOCIALES,SOCIOLOGÍA,PREGRADO,2023,1,29,37,31
150142,LIMA,LIMA,VILLA EL SALVADOR,MASCULINO,21,INGENIERÍA INDUSTRIAL Y DE SISTEMAS,INGENIERÍA DE SISTEMAS,PREGRADO,2021,1,33,37,31
150137,LIMA,LIMA,SANTA ANITA,MASCULINO,19,CIENCIAS SOCIALES,CIENCIAS DE LA COMUNICACIÓN SOCIAL,PREGRADO,2023,1,30,36,30
150806,LIMA,HUAURA,HUAURA,MASCULINO,22,CIENCIAS DE LA EDUCACIÓN,LENGUA Y LITERATURA,PREGRADO,2023,1,34,37,31
160101,LORETO,MAYNAS,IQUITOS,MASCULINO,24,CIENCIAS AGRARIAS,INGENIERÍA AGRONÓMICA,PREGRADO,2022,1,36,37,30
160506,LORETO,REQUENA,PUINAHUA,FEMENINO,19,CIENCIAS AGRARIAS,INGENIERÍA AGROINDUSTRIAL,PREGRADO,2023,1,31,36,30
190101,PASCO,PASCO,CHAUPIMARCA,FEMENINO,17,ENFERMERÍA,ENFERMERÍA,PREGRADO,2022,1,32,37,29
190101,PASCO,PASCO,CHAUPIMARCA,FEMENINO,18,ENFERMERÍA,ENFERMERÍA,PREGRADO,2023,1,31,35,28
190101,PASCO,PASCO,CHAUPIMARCA,FEMENINO,25,OBSTETRICIA,OBSTETRICIA,PREGRADO,2016,1,37,36,30
190101,PASCO,PASCO,CHAUPIMARCA,FEMENINO,19,DERECHO Y CIENCIAS POLÍTICAS,DERECHO Y CIENCIAS POLÍTICAS,PREGRADO,2023,1,35,37,31
190101,PASCO,PASCO,CHAUPIMARCA,FEMENINO,20,PSICOLOGÍA,PSICOLOGÍA,PREGRADO,2019,1,35,35,30
190101,PASCO,PASCO,CHAUPIMARCA,FEMENINO,21,PSICOLOGÍA,PSICOLOGÍA,PREGRADO,2019,1,35,36,29
190101,PASCO,PASCO,CHAUPIMARCA,MASCULINO,20,INGENIERÍA CIVIL Y ARQUITECTURA,ARQUITECTURA,PREGRADO,2022,1,30,37,31
190101,PASCO,PASCO,CHAUPIMARCA,MASCULINO,17,INGENIERÍA CIVIL Y ARQUITECTURA,ARQUITECTURA,PREGRADO,2023,1,7,13,4
190101,PASCO,PASCO,CHAUPIMARCA,MASCULINO,22,MEDICINA VETERINARIA Y ZOOTECNIA,MEDICINA VETERINARIA,PREGRADO,2021,1,37,36,31
190103,PASCO,PASCO,HUARIACA,FEMENINO,18,MEDICINA,MEDICINA HUMANA,PREGRADO,2022,1,15,16,12
190103,PASCO,PASCO,HUARIACA,FEMENINO,21,ENFERMERÍA,ENFERMERÍA,PREGRADO,2021,1,37,36,28
190103,PASCO,PASCO,HUARIACA,FEMENINO,20,ENFERMERÍA,ENFERMERÍA,PREGRADO,2021,1,32,36,29
190103,PASCO,PASCO,HUARIACA,FEMENINO,21,ENFERMERÍA,ENFERMERÍA,PREGRADO,2019,1,0,8,6
190103,PASCO,PASCO,HUARIACA,FEMENINO,21,CIENCIAS ADMINISTRATIVAS Y TURISMO,CIENCIAS ADMINISTRATIVAS,PREGRADO,2022,1,31,36,28
190103,PASCO,PASCO,HUARIACA,FEMENINO,18,DERECHO Y CIENCIAS POLÍTICAS,DERECHO Y CIENCIAS POLÍTICAS,PREGRADO,2022,1,35,37,30
190103,PASCO,PASCO,HUARIACA,FEMENINO,21,INGENIERÍA CIVIL Y ARQUITECTURA,ARQUITECTURA,PREGRADO,2019,1,34,35,26
190104,PASCO,PASCO,HUAYLLAY,FEMENINO,22,PSICOLOGÍA,PSICOLOGÍA,PREGRADO,2021,1,37,37,29
190107,PASCO,PASCO,PAUCARTAMBO,MASCULINO,24,CIENCIAS CONTABLES Y FINANCIERAS,CIENCIAS CONTABLES Y FINANCIERAS,PREGRADO,2018,1,32,36,29
190108,PASCO,PASCO,SAN FRANCISCO DE ASIS DE YARUSYACAN,MASCULINO,20,CIENCIAS SOCIALES,SOCIOLOGÍA,PREGRADO,2020,1,32,37,27
190109,PASCO,PASCO,SIMON BOLIVAR,FEMENINO,17,CIENCIAS AGRARIAS,INGENIERÍA AGRONÓMICA,PREGRADO,2023,1,26,34,27
190109,PASCO,PASCO,SIMON BOLIVAR,FEMENINO,18,CIENCIAS SOCIALES,CIENCIAS DE LA COMUNICACIÓN SOCIAL,PREGRADO,2023,1,30,37,31
190113,PASCO,PASCO,YANACANCHA,FEMENINO,19,ENFERMERÍA,ENFERMERÍA,PREGRADO,2021,1,27,35,29
190113,PASCO,PASCO,YANACANCHA,FEMENINO,21,PSICOLOGÍA,PSICOLOGÍA,PREGRADO,2020,1,11,16,9
190113,PASCO,PASCO,YANACANCHA,FEMENINO,17,INGENIERÍA CIVIL Y ARQUITECTURA,INGENIERÍA CIVIL,PREGRADO,2023,1,38,37,27
190113,PASCO,PASCO,YANACANCHA,FEMENINO,18,INGENIERÍA CIVIL Y ARQUITECTURA,ARQUITECTURA,PREGRADO,2021,1,29,35,29
190113,PASCO,PASCO,YANACANCHA,FEMENINO,20,PSICOLOGÍA,PSICOLOGÍA,PREGRADO,2020,1,36,37,30
190201,PASCO,DANIEL ALCIDES CARRION,YANAHUANCA,FEMENINO,21,ENFERMERÍA,ENFERMERÍA,PREGRADO,2020,1,25,36,26
190201,PASCO,DANIEL ALCIDES CARRION,YANAHUANCA,MASCULINO,24,INGENIERÍA INDUSTRIAL Y DE SISTEMAS,INGENIERÍA INDUSTRIAL,PREGRADO,2019,1,30,37,29
190201,PASCO,DANIEL ALCIDES CARRION,YANAHUANCA,MASCULINO,18,ECONOMÍA,ECONOMÍA,PREGRADO,2023,1,37,37,31
190201,PASCO,DANIEL ALCIDES CARRION,YANAHUANCA,MASCULINO,22,ECONOMÍA,ECONOMÍA,PREGRADO,2019,1,20,36,24
190201,PASCO,DANIEL ALCIDES CARRION,YANAHUANCA,FEMENINO,21,INGENIERÍA CIVIL Y ARQUITECTURA,ARQUITECTURA,PREGRADO,2023,1,36,37,31
190206,PASCO,DANIEL ALCIDES CARRION,SANTA ANA DE TUSI,MASCULINO,25,CIENCIAS SOCIALES,SOCIOLOGÍA,PREGRADO,2018,1,34,35,30
190206,PASCO,DANIEL ALCIDES CARRION,SANTA ANA DE TUSI,MASCULINO,22,CIENCIAS DE LA EDUCACIÓN,MATEMÁTICA Y FÍSICA,PREGRADO,2023,1,35,37,31
190206,PASCO,DANIEL ALCIDES CARRION,SANTA ANA DE TUSI,MASCULINO,35,INGENIERÍA CIVIL Y ARQUITECTURA,INGENIERÍA CIVIL,PREGRADO,2008,1,26,36,29
190301,PASCO,OXAPAMPA,OXAPAMPA,MASCULINO,23,CIENCIAS ADMINISTRATIVAS Y TURISMO,CIENCIAS ADMINISTRATIVAS,PREGRADO,2019,1,24,37,29
190305,PASCO,OXAPAMPA,POZUZO,MASCULINO,19,CIENCIAS CONTABLES Y FINANCIERAS,CIENCIAS CONTABLES Y FINANCIERAS,PREGRADO,2023,1,32,37,30
210501,PUNO,EL COLLAO,ILAVE,FEMENINO,19,CIENCIAS DE LA EDUCACIÓN,EDUCACIÓN PRIMARIA,PREGRADO,2022,1,33,37,28
221001,SAN MARTIN,TOCACHE,TOCACHE,FEMENINO,22,MEDICINA,ODONTOLOGÍA,PREGRADO,2019,1,32,37,29
221001,SAN MARTIN,TOCACHE,TOCACHE,MASCULINO,19,MEDICINA,ODONTOLOGÍA,PREGRADO,2023,1,35,37,29
221001,SAN MARTIN,TOCACHE,TOCACHE,FEMENINO,18,CIENCIAS ADMINISTRATIVAS Y TURISMO,CIENCIAS ADMINISTRATIVAS,PREGRADO,2023,1,37,37,30
221001,SAN MARTIN,TOCACHE,TOCACHE,MASCULINO,19,MEDICINA VETERINARIA Y ZOOTECNIA,MEDICINA VETERINARIA,PREGRADO,2022,1,35,36,30
221001,SAN MARTIN,TOCACHE,TOCACHE,FEMENINO,20,CIENCIAS DE LA EDUCACIÓN,EDUCACIÓN PRIMARIA,PREGRADO,2022,1,37,37,31
221002,SAN MARTIN,TOCACHE,NUEVO PROGRESO,MASCULINO,22,INGENIERÍA INDUSTRIAL Y DE SISTEMAS,INGENIERÍA DE SISTEMAS,PREGRADO,2021,1,37,36,30
221003,SAN MARTIN,TOCACHE,POLVORA,MASCULINO,17,CIENCIAS DE LA EDUCACIÓN,EDUCACIÓN FÍSICA,PREGRADO,2023,1,37,37,31
221005,SAN MARTIN,TOCACHE,UCHIZA,MASCULINO,19,CIENCIAS DE LA EDUCACIÓN,EDUCACIÓN FÍSICA,PREGRADO,2023,1,37,37,30
221005,SAN MARTIN,TOCACHE,UCHIZA,MASCULINO,27,INGENIERÍA CIVIL Y ARQUITECTURA,INGENIERÍA CIVIL,PREGRADO,2018,1,28,36,28
221005,SAN MARTIN,TOCACHE,UCHIZA,MASCULINO,18,INGENIERÍA INDUSTRIAL Y DE SISTEMAS,INGENIERÍA INDUSTRIAL,PREGRADO,2023,1,15,15,10
250101,UCAYALI,CORONEL PORTILLO,CALLERIA,MASCULINO,25,CIENCIAS ADMINISTRATIVAS Y TURISMO,CIENCIAS ADMINISTRATIVAS,PREGRADO,2021,1,33,35,4
250101,UCAYALI,CORONEL PORTILLO,CALLERIA,MASCULINO,26,INGENIERÍA CIVIL Y ARQUITECTURA,INGENIERÍA CIVIL,PREGRADO,2019,1,21,37,27
250101,UCAYALI,CORONEL PORTILLO,CALLERIA,MASCULINO,19,INGENIERÍA CIVIL Y ARQUITECTURA,INGENIERÍA CIVIL,PREGRADO,2022,1,34,37,30
250101,UCAYALI,CORONEL PORTILLO,CALLERIA,MASCULINO,21,INGENIERÍA CIVIL Y ARQUITECTURA,INGENIERÍA CIVIL,PREGRADO,2022,1,34,37,27
250101,UCAYALI,CORONEL PORTILLO,CALLERIA,MASCULINO,19,MEDICINA VETERINARIA Y ZOOTECNIA,MEDICINA VETERINARIA,PREGRADO,2022,1,38,36,31
250107,UCAYALI,CORONEL PORTILLO,MANANTAY,MASCULINO,20,INGENIERÍA CIVIL Y ARQUITECTURA,INGENIERÍA CIVIL,PREGRADO,2020,1,31,37,30
250301,UCAYALI,PADRE ABAD,PADRE ABAD,MASCULINO,25,CIENCIAS AGRARIAS,INGENIERÍA AGROINDUSTRIAL,PREGRADO,2020,1,31,35,29
250301,UCAYALI,PADRE ABAD,PADRE ABAD,MASCULINO,27,CIENCIAS DE LA EDUCACIÓN,MATEMÁTICA Y FÍSICA,PREGRADO,2019,1,25,34,27
250301,UCAYALI,PADRE ABAD,PADRE ABAD,FEMENINO,19,DERECHO Y CIENCIAS POLÍTICAS,DERECHO Y CIENCIAS POLÍTICAS,PREGRADO,2022,1,29,34,28
250301,UCAYALI,PADRE ABAD,PADRE ABAD,FEMENINO,17,INGENIERÍA INDUSTRIAL Y DE SISTEMAS,INGENIERÍA INDUSTRIAL,PREGRADO,2023,1,37,36,31
250301,UCAYALI,PADRE ABAD,PADRE ABAD,MASCULINO,17,MEDICINA VETERINARIA Y ZOOTECNIA,MEDICINA VETERINARIA,PREGRADO,2023,1,23,23,20
250302,UCAYALI,PADRE ABAD,IRAZOLA,MASCULINO,20,ECONOMÍA,ECONOMÍA,PREGRADO,2021,1,37,36,29
250202,UCAYALI,ATALAYA,SEPAHUA,MASCULINO,19,INGENIERÍA INDUSTRIAL Y DE SISTEMAS,INGENIERÍA INDUSTRIAL,PREGRADO,2022,1,33,37,31
